timestamp,user_id,user_name,event_type,file_name,file_size_mb,action,source_ip,location,country,device,success,suspicious
2025-08-20T17:02:04.427523,2,Mike Chen,file_access,api_docs.md,6.0,read,192.168.1.233,California,United States,,,
2025-09-04T09:05:40.427523,2,Mike Chen,login,,,,192.168.1.168,California,United States,LAPTOP-2,True,
2025-09-08T13:49:33.427523,1,Sarah Johnson,file_access,tax_documents.pdf,27.0,read,192.168.1.231,New York,United States,,,
2025-09-19T22:10:22.442802,5,Anna Rodriguez,login,,,,156.211.242.112,Pyongyang,North Korea,Unknown Device,True,True
2025-09-02T10:33:25.427523,3,Lisa Wilson,login,,,,192.168.1.223,Texas,United States,LAPTOP-3,True,
2025-08-21T17:18:58.427523,5,Anna Rodriguez,logout,,,,192.168.1.214,Illinois,United States,LAPTOP-5,,
2025-08-20T14:37:54.427523,4,Bob Smith,file_access,client_contacts.xlsx,9.0,read,192.168.1.109,Florida,United States,,,
2025-08-29T16:38:54.427523,2,Mike Chen,logout,,,,192.168.1.93,California,United States,LAPTOP-2,,
2025-09-16T10:35:38.427523,1,Sarah Johnson,file_access,budget_2024.csv,49.0,read,192.168.1.64,New York,United States,,,
2025-09-18T17:30:21.427523,4,Bob Smith,logout,,,,192.168.1.104,Florida,United States,LAPTOP-4,,
2025-09-12T14:41:08.427523,2,Mike Chen,file_access,api_docs.md,8.0,edit,192.168.1.236,California,United States,,,
2025-08-26T16:38:51.427523,1,Sarah Johnson,file_access,budget_2024.csv,15.0,read,192.168.1.166,New York,United States,,,
2025-08-29T08:41:54.427523,2,Mike Chen,file_access,source_code.py,46.0,read,192.168.1.193,California,United States,,,
2025-08-20T10:50:54.427523,4,Bob Smith,file_access,proposals.docx,3.0,read,192.168.1.146,Florida,United States,,,
2025-09-02T10:15:07.427523,5,Anna Rodriguez,login,,,,192.168.1.12,Illinois,United States,LAPTOP-5,True,
2025-08-22T08:42:25.427523,2,Mike Chen,login,,,,192.168.1.133,California,United States,LAPTOP-2,True,
2025-09-02T11:05:27.427523,1,Sarah Johnson,file_access,tax_documents.pdf,33.0,edit,192.168.1.215,New York,United States,,,
2025-09-09T11:30:23.427523,4,Bob Smith,file_access,client_contacts.xlsx,8.0,edit,192.168.1.65,Florida,United States,,,
2025-09-03T17:04:05.427523,3,Lisa Wilson,file_access,salary_data.csv,34.0,read,192.168.1.251,Texas,United States,,,
2025-09-16T17:45:16.427523,2,Mike Chen,logout,,,,192.168.1.196,California,United States,LAPTOP-2,,
2025-09-09T16:42:28.427523,1,Sarah Johnson,file_access,tax_documents.pdf,16.0,read,192.168.1.252,New York,United States,,,
2025-09-10T08:59:24.427523,5,Anna Rodriguez,login,,,,192.168.1.67,Illinois,United States,LAPTOP-5,True,
2025-08-28T09:06:44.427523,2,Mike Chen,login,,,,192.168.1.58,California,United States,LAPTOP-2,True,
2025-09-05T12:27:08.427523,5,Anna Rodriguez,file_access,graphics.png,46.0,edit,192.168.1.8,Illinois,United States,,,
2025-09-08T16:31:33.427523,1,Sarah Johnson,logout,,,,192.168.1.244,New York,United States,LAPTOP-1,,
2025-08-22T10:39:38.427523,4,Bob Smith,login,,,,192.168.1.106,Florida,United States,LAPTOP-4,True,
2025-09-08T13:49:52.427523,2,Mike Chen,file_access,api_docs.md,46.0,edit,192.168.1.89,California,United States,,,
2025-08-21T17:53:30.427523,3,Lisa Wilson,file_access,employee_records.xlsx,50.0,edit,192.168.1.231,Texas,United States,,,
2025-09-18T16:33:45.427523,5,Anna Rodriguez,logout,,,,192.168.1.205,Illinois,United States,LAPTOP-5,,
2025-08-28T16:32:44.427523,2,Mike Chen,file_access,api_docs.md,2.0,read,192.168.1.15,California,United States,,,
2025-08-25T15:58:03.427523,4,Bob Smith,file_access,sales_report.pdf,49.0,read,192.168.1.226,Florida,United States,,,
2025-08-25T16:23:16.427523,5,Anna Rodriguez,logout,,,,192.168.1.91,Illinois,United States,LAPTOP-5,,
2025-09-11T10:54:04.427523,5,Anna Rodriguez,file_access,campaign_data.xlsx,23.0,edit,192.168.1.162,Illinois,United States,,,
2025-09-08T17:23:53.427523,5,Anna Rodriguez,file_access,social_media.csv,7.0,edit,192.168.1.83,Illinois,United States,,,
2025-09-08T13:24:33.427523,1,Sarah Johnson,file_access,budget_2024.csv,25.0,edit,192.168.1.27,New York,United States,,,
2025-09-11T10:41:16.427523,4,Bob Smith,file_access,client_contacts.xlsx,50.0,read,192.168.1.132,Florida,United States,,,
2025-08-20T10:17:16.427523,5,Anna Rodriguez,file_access,campaign_data.xlsx,6.0,read,192.168.1.55,Illinois,United States,,,
2025-08-29T13:16:26.427523,1,Sarah Johnson,file_access,budget_2024.csv,14.0,edit,192.168.1.253,New York,United States,,,
2025-08-25T17:26:25.427523,2,Mike Chen,logout,,,,192.168.1.176,California,United States,LAPTOP-2,,
2025-08-22T16:21:38.427523,4,Bob Smith,file_access,proposals.docx,44.0,edit,192.168.1.38,Florida,United States,,,
2025-09-02T09:51:05.427523,4,Bob Smith,file_access,sales_report.pdf,6.0,read,192.168.1.217,Florida,United States,,,
2025-09-01T17:42:15.427523,5,Anna Rodriguez,logout,,,,192.168.1.23,Illinois,United States,LAPTOP-5,,
2025-09-12T18:15:08.427523,2,Mike Chen,file_access,source_code.py,22.0,read,192.168.1.174,California,United States,,,
2025-09-16T12:01:02.427523,3,Lisa Wilson,file_access,contracts.pdf,35.0,read,192.168.1.130,Texas,United States,,,
2025-09-04T16:31:40.427523,2,Mike Chen,file_access,source_code.py,33.0,read,192.168.1.92,California,United States,,,
2025-09-18T18:24:12.427523,3,Lisa Wilson,file_access,employee_records.xlsx,41.0,read,192.168.1.118,Texas,United States,,,
2025-08-22T17:22:33.427523,5,Anna Rodriguez,file_access,social_media.csv,24.0,read,192.168.1.49,Illinois,United States,,,
2025-08-21T15:58:58.427523,5,Anna Rodriguez,file_access,campaign_data.xlsx,2.0,read,192.168.1.12,Illinois,United States,,,
2025-08-22T14:54:38.427523,4,Bob Smith,file_access,client_contacts.xlsx,50.0,edit,192.168.1.12,Florida,United States,,,
2025-09-10T15:09:57.427523,3,Lisa Wilson,file_access,employee_records.xlsx,32.0,read,192.168.1.188,Texas,United States,,,
2025-09-17T17:56:38.427523,2,Mike Chen,logout,,,,192.168.1.39,California,United States,LAPTOP-2,,
2025-09-05T17:34:05.427523,4,Bob Smith,file_access,proposals.docx,1.0,edit,192.168.1.248,Florida,United States,,,
2025-09-08T12:21:53.427523,5,Anna Rodriguez,file_access,campaign_data.xlsx,12.0,read,192.168.1.176,Illinois,United States,,,
2025-08-27T08:00:53.427523,2,Mike Chen,login,,,,192.168.1.129,California,United States,LAPTOP-2,True,
2025-09-18T15:41:59.427523,2,Mike Chen,file_access,database_schema.sql,48.0,read,192.168.1.240,California,United States,,,
2025-09-03T10:33:56.427523,4,Bob Smith,file_access,proposals.docx,28.0,read,192.168.1.98,Florida,United States,,,
2025-08-29T13:16:39.427523,3,Lisa Wilson,file_access,contracts.pdf,33.0,read,192.168.1.128,Texas,United States,,,
2025-09-05T17:46:05.427523,4,Bob Smith,file_access,client_contacts.xlsx,13.0,read,192.168.1.209,Florida,United States,,,
2025-09-12T10:26:52.427523,1,Sarah Johnson,file_access,financial_report.xlsx,10.0,read,192.168.1.161,New York,United States,,,
2025-08-20T09:12:54.427523,4,Bob Smith,login,,,,192.168.1.188,Florida,United States,LAPTOP-4,True,
2025-08-25T15:01:03.427523,4,Bob Smith,file_access,client_contacts.xlsx,14.0,read,192.168.1.194,Florida,United States,,,
2025-08-27T15:56:06.427523,5,Anna Rodriguez,file_access,graphics.png,42.0,read,192.168.1.243,Illinois,United States,,,
2025-08-26T11:07:28.427523,3,Lisa Wilson,file_access,employee_records.xlsx,44.0,read,192.168.1.104,Texas,United States,,,
2025-08-20T13:19:16.427523,5,Anna Rodriguez,file_access,social_media.csv,34.0,read,192.168.1.64,Illinois,United States,,,
2025-09-17T14:35:17.427523,4,Bob Smith,file_access,sales_report.pdf,4.0,read,192.168.1.139,Florida,United States,,,
2025-08-20T11:15:12.427523,1,Sarah Johnson,file_access,budget_2024.csv,9.0,edit,192.168.1.79,New York,United States,,,
2025-08-28T19:52:46.427523,4,Bob Smith,logout,,,,192.168.1.166,Florida,United States,LAPTOP-4,,
2025-09-08T09:16:52.427523,2,Mike Chen,file_access,source_code.py,40.0,edit,192.168.1.173,California,United States,,,
2025-08-27T10:54:11.427523,1,Sarah Johnson,file_access,financial_report.xlsx,20.0,read,192.168.1.97,New York,United States,,,
2025-08-25T16:56:25.427523,2,Mike Chen,file_access,api_docs.md,28.0,edit,192.168.1.111,California,United States,,,
2025-09-10T18:02:57.427523,3,Lisa Wilson,logout,,,,192.168.1.114,Texas,United States,LAPTOP-3,,
2025-09-10T18:16:45.427523,1,Sarah Johnson,file_access,tax_documents.pdf,11.0,edit,192.168.1.138,New York,United States,,,
2025-09-03T13:07:44.427523,2,Mike Chen,file_access,database_schema.sql,7.0,read,192.168.1.154,California,United States,,,
2025-09-02T18:14:25.427523,3,Lisa Wilson,file_access,salary_data.csv,5.0,read,192.168.1.158,Texas,United States,,,
2025-08-25T14:53:25.427523,2,Mike Chen,file_access,api_docs.md,8.0,read,192.168.1.190,California,United States,,,
2025-09-02T11:36:07.427523,5,Anna Rodriguez,file_access,campaign_data.xlsx,38.0,read,192.168.1.121,Illinois,United States,,,
2025-09-08T14:48:52.427523,2,Mike Chen,file_access,database_schema.sql,26.0,read,192.168.1.63,California,United States,,,
2025-09-08T14:51:49.427523,3,Lisa Wilson,file_access,salary_data.csv,22.0,read,192.168.1.67,Texas,United States,,,
2025-09-15T14:18:15.427523,4,Bob Smith,file_access,client_contacts.xlsx,1.0,read,192.168.1.159,Florida,United States,,,
2025-09-02T11:13:07.427523,5,Anna Rodriguez,file_access,campaign_data.xlsx,28.0,read,192.168.1.55,Illinois,United States,,,
2025-08-22T12:40:33.427523,5,Anna Rodriguez,file_access,campaign_data.xlsx,3.0,read,192.168.1.161,Illinois,United States,,,
2025-09-15T14:34:15.427523,4,Bob Smith,file_access,proposals.docx,35.0,read,192.168.1.99,Florida,United States,,,
2025-09-03T16:09:56.427523,4,Bob Smith,logout,,,,192.168.1.236,Florida,United States,LAPTOP-4,,
2025-09-12T12:03:52.427523,1,Sarah Johnson,file_access,budget_2024.csv,50.0,read,192.168.1.199,New York,United States,,,
2025-09-12T09:03:52.427523,1,Sarah Johnson,login,,,,192.168.1.174,New York,United States,LAPTOP-1,True,
2025-09-11T08:47:57.427523,1,Sarah Johnson,login,,,,192.168.1.230,New York,United States,LAPTOP-1,True,
2025-09-08T15:47:33.427523,1,Sarah Johnson,file_access,tax_documents.pdf,8.0,read,192.168.1.102,New York,United States,,,
2025-08-25T09:54:03.427523,4,Bob Smith,login,,,,192.168.1.51,Florida,United States,LAPTOP-4,True,
2025-09-01T15:51:33.427523,3,Lisa Wilson,file_access,contracts.pdf,40.0,read,192.168.1.51,Texas,United States,,,
2025-09-03T18:13:09.427523,5,Anna Rodriguez,file_access,social_media.csv,18.0,read,192.168.1.196,Illinois,United States,,,
2025-08-21T15:05:42.427523,2,Mike Chen,logout,,,,192.168.1.128,California,United States,LAPTOP-2,,
2025-08-29T17:25:26.427523,1,Sarah Johnson,logout,,,,192.168.1.237,New York,United States,LAPTOP-1,,
2025-09-09T08:10:28.427523,1,Sarah Johnson,login,,,,192.168.1.213,New York,United States,LAPTOP-1,True,
2025-08-25T17:51:31.427523,1,Sarah Johnson,file_access,tax_documents.pdf,30.0,read,192.168.1.75,New York,United States,,,
2025-09-15T15:48:41.427523,3,Lisa Wilson,file_access,employee_records.xlsx,41.0,read,192.168.1.209,Texas,United States,,,
2025-08-25T13:08:03.427523,4,Bob Smith,file_access,proposals.docx,26.0,edit,192.168.1.223,Florida,United States,,,
2025-09-09T14:19:01.427523,2,Mike Chen,file_access,database_schema.sql,41.0,read,192.168.1.111,California,United States,,,
2025-09-01T16:20:00.427523,1,Sarah Johnson,logout,,,,192.168.1.186,New York,United States,LAPTOP-1,,
2025-09-17T08:54:20.427523,1,Sarah Johnson,login,,,,192.168.1.102,New York,United States,LAPTOP-1,True,
2025-08-28T12:40:46.427523,4,Bob Smith,file_access,proposals.docx,21.0,read,192.168.1.93,Florida,United States,,,
2025-09-03T16:09:09.427523,5,Anna Rodriguez,file_access,graphics.png,18.0,read,192.168.1.82,Illinois,United States,,,
2025-08-21T15:52:30.427523,3,Lisa Wilson,file_access,contracts.pdf,29.0,read,192.168.1.236,Texas,United States,,,
2025-09-12T14:17:20.427523,5,Anna Rodriguez,file_access,campaign_data.xlsx,18.0,edit,192.168.1.139,Illinois,United States,,,
2025-08-27T10:57:54.427523,4,Bob Smith,file_access,client_contacts.xlsx,36.0,read,192.168.1.204,Florida,United States,,,
2025-08-25T18:25:03.427523,4,Bob Smith,file_access,proposals.docx,7.0,edit,192.168.1.62,Florida,United States,,,
2025-09-17T11:06:17.427523,4,Bob Smith,file_access,sales_report.pdf,41.0,edit,192.168.1.213,Florida,United States,,,
2025-09-10T14:07:46.427523,4,Bob Smith,file_access,sales_report.pdf,16.0,read,192.168.1.7,Florida,United States,,,
2025-09-17T17:22:17.427523,4,Bob Smith,file_access,client_contacts.xlsx,43.0,read,192.168.1.191,Florida,United States,,,
2025-09-04T19:27:10.427523,1,Sarah Johnson,logout,,,,192.168.1.130,New York,United States,LAPTOP-1,,
2025-09-09T16:21:23.427523,4,Bob Smith,file_access,proposals.docx,24.0,edit,192.168.1.113,Florida,United States,,,
2025-09-01T15:47:33.427523,3,Lisa Wilson,file_access,salary_data.csv,5.0,read,192.168.1.254,Texas,United States,,,
2025-09-08T10:48:49.427523,3,Lisa Wilson,file_access,employee_records.xlsx,19.0,read,192.168.1.13,Texas,United States,,,
2025-09-03T11:36:44.427523,2,Mike Chen,file_access,source_code.py,45.0,read,192.168.1.116,California,United States,,,
2025-08-26T15:57:51.427523,1,Sarah Johnson,file_access,tax_documents.pdf,19.0,edit,192.168.1.11,New York,United States,,,
2025-08-29T15:28:08.427523,5,Anna Rodriguez,file_access,campaign_data.xlsx,39.0,read,192.168.1.70,Illinois,United States,,,
2025-08-29T08:26:30.427523,4,Bob Smith,login,,,,192.168.1.219,Florida,United States,LAPTOP-4,True,
2025-08-27T08:25:54.427523,4,Bob Smith,login,,,,192.168.1.12,Florida,United States,LAPTOP-4,True,
2025-08-21T12:31:42.427523,2,Mike Chen,file_access,source_code.py,17.0,read,192.168.1.53,California,United States,,,
2025-08-25T14:26:31.427523,1,Sarah Johnson,file_access,tax_documents.pdf,24.0,read,192.168.1.216,New York,United States,,,
2025-09-04T08:14:44.427523,5,Anna Rodriguez,login,,,,192.168.1.87,Illinois,United States,LAPTOP-5,True,
2025-09-15T17:51:15.427523,4,Bob Smith,file_access,proposals.docx,16.0,read,192.168.1.27,Florida,United States,,,
2025-09-04T12:11:10.427523,1,Sarah Johnson,file_access,budget_2024.csv,3.0,edit,192.168.1.61,New York,United States,,,
2025-09-15T10:09:15.427523,2,Mike Chen,login,,,,192.168.1.40,California,United States,LAPTOP-2,True,
2025-09-03T12:15:09.427523,5,Anna Rodriguez,file_access,campaign_data.xlsx,19.0,edit,192.168.1.222,Illinois,United States,,,
2025-09-02T15:34:16.427523,2,Mike Chen,file_access,api_docs.md,29.0,edit,192.168.1.144,California,United States,,,
2025-08-20T09:28:04.427523,2,Mike Chen,login,,,,192.168.1.57,California,United States,LAPTOP-2,True,
2025-08-28T16:08:02.427523,1,Sarah Johnson,logout,,,,192.168.1.158,New York,United States,LAPTOP-1,,
2025-09-05T18:00:08.427523,5,Anna Rodriguez,file_access,campaign_data.xlsx,41.0,edit,192.168.1.169,Illinois,United States,,,
2025-08-27T15:26:29.427523,3,Lisa Wilson,file_access,salary_data.csv,21.0,read,192.168.1.231,Texas,United States,,,
2025-09-04T15:52:40.427523,2,Mike Chen,file_access,api_docs.md,12.0,read,192.168.1.54,California,United States,,,
2025-08-26T14:47:28.427523,3,Lisa Wilson,file_access,salary_data.csv,16.0,read,192.168.1.16,Texas,United States,,,
2025-08-29T13:14:26.427523,1,Sarah Johnson,file_access,budget_2024.csv,16.0,read,192.168.1.71,New York,United States,,,
2025-09-01T10:24:33.427523,3,Lisa Wilson,login,,,,192.168.1.184,Texas,United States,LAPTOP-3,True,
2025-08-25T12:43:00.427523,3,Lisa Wilson,file_access,contracts.pdf,42.0,edit,192.168.1.78,Texas,United States,,,
2025-09-15T15:43:15.427523,2,Mike Chen,file_access,database_schema.sql,2.0,read,192.168.1.111,California,United States,,,
2025-08-28T16:19:51.427523,5,Anna Rodriguez,file_access,social_media.csv,11.0,read,192.168.1.160,Illinois,United States,,,
2025-09-04T13:26:10.427523,1,Sarah Johnson,file_access,financial_report.xlsx,1.0,edit,192.168.1.93,New York,United States,,,
2025-09-18T22:10:22.443186,4,Bob Smith,login,,,,186.104.82.168,Beijing,Russia,Unknown Device,True,True
2025-09-12T16:38:44.427523,3,Lisa Wilson,logout,,,,192.168.1.23,Texas,United States,LAPTOP-3,,
2025-09-17T08:54:59.427523,5,Anna Rodriguez,file_access,graphics.png,20.0,edit,192.168.1.123,Illinois,United States,,,
2025-09-09T14:35:49.427523,3,Lisa Wilson,file_access,employee_records.xlsx,13.0,read,192.168.1.36,Texas,United States,,,
2025-09-03T08:39:05.427523,3,Lisa Wilson,login,,,,192.168.1.19,Texas,United States,LAPTOP-3,True,
2025-09-10T10:40:14.427523,2,Mike Chen,login,,,,192.168.1.56,California,United States,LAPTOP-2,True,
2025-09-11T16:44:16.427523,4,Bob Smith,logout,,,,192.168.1.22,Florida,United States,LAPTOP-4,,
2025-09-12T16:51:52.427523,1,Sarah Johnson,file_access,tax_documents.pdf,41.0,read,192.168.1.231,New York,United States,,,
2025-09-12T17:00:20.427523,5,Anna Rodriguez,logout,,,,192.168.1.41,Illinois,United States,LAPTOP-5,,
2025-08-28T14:14:51.427523,5,Anna Rodriguez,file_access,social_media.csv,18.0,edit,192.168.1.190,Illinois,United States,,,
2025-09-10T16:59:24.427523,5,Anna Rodriguez,file_access,graphics.png,7.0,read,192.168.1.40,Illinois,United States,,,
2025-09-17T10:29:32.427523,3,Lisa Wilson,file_access,salary_data.csv,2.0,edit,192.168.1.133,Texas,United States,,,
2025-09-08T16:03:49.427523,3,Lisa Wilson,logout,,,,192.168.1.226,Texas,United States,LAPTOP-3,,
2025-08-28T19:11:46.427523,4,Bob Smith,file_access,client_contacts.xlsx,37.0,read,192.168.1.54,Florida,United States,,,
2025-08-20T18:28:04.427523,2,Mike Chen,logout,,,,192.168.1.43,California,United States,LAPTOP-2,,
2025-09-01T08:46:23.427523,2,Mike Chen,login,,,,192.168.1.125,California,United States,LAPTOP-2,True,
2025-09-02T11:27:07.427523,5,Anna Rodriguez,file_access,social_media.csv,23.0,read,192.168.1.254,Illinois,United States,,,
2025-09-17T15:58:32.427523,3,Lisa Wilson,logout,,,,192.168.1.177,Texas,United States,LAPTOP-3,,
2025-09-12T18:36:20.427523,5,Anna Rodriguez,file_access,graphics.png,47.0,read,192.168.1.133,Illinois,United States,,,
2025-09-03T16:52:09.427523,5,Anna Rodriguez,logout,,,,192.168.1.14,Illinois,United States,LAPTOP-5,,
2025-09-09T10:37:23.427523,4,Bob Smith,file_access,sales_report.pdf,21.0,read,192.168.1.40,Florida,United States,,,
2025-09-18T10:57:12.427523,3,Lisa Wilson,file_access,employee_records.xlsx,48.0,read,192.168.1.17,Texas,United States,,,
2025-08-22T13:09:55.427523,3,Lisa Wilson,file_access,contracts.pdf,13.0,read,192.168.1.200,Texas,United States,,,
2025-09-10T16:01:45.427523,1,Sarah Johnson,file_access,budget_2024.csv,26.0,read,192.168.1.243,New York,United States,,,
2025-09-02T12:13:27.427523,1,Sarah Johnson,file_access,tax_documents.pdf,38.0,edit,192.168.1.141,New York,United States,,,
2025-08-21T16:46:42.427523,2,Mike Chen,file_access,api_docs.md,25.0,read,192.168.1.75,California,United States,,,
2025-09-17T12:54:17.427523,4,Bob Smith,file_access,sales_report.pdf,38.0,read,192.168.1.78,Florida,United States,,,
2025-08-25T11:54:00.427523,3,Lisa Wilson,file_access,contracts.pdf,1.0,read,192.168.1.43,Texas,United States,,,
2025-09-02T14:05:27.427523,1,Sarah Johnson,file_access,financial_report.xlsx,28.0,read,192.168.1.117,New York,United States,,,
2025-09-01T16:46:06.427523,4,Bob Smith,file_access,sales_report.pdf,11.0,read,192.168.1.53,Florida,United States,,,
2025-09-09T08:35:50.427523,5,Anna Rodriguez,login,,,,192.168.1.134,Illinois,United States,LAPTOP-5,True,
2025-09-03T14:41:56.427523,4,Bob Smith,file_access,client_contacts.xlsx,5.0,read,192.168.1.240,Florida,United States,,,
2025-09-05T16:32:26.427523,2,Mike Chen,file_access,api_docs.md,29.0,read,192.168.1.47,California,United States,,,
2025-08-28T09:23:51.427523,5,Anna Rodriguez,login,,,,192.168.1.6,Illinois,United States,LAPTOP-5,True,
2025-09-10T16:33:45.427523,1,Sarah Johnson,logout,,,,192.168.1.160,New York,United States,LAPTOP-1,,
2025-09-15T08:31:41.427523,3,Lisa Wilson,login,,,,192.168.1.132,Texas,United States,LAPTOP-3,True,
2025-08-21T10:56:42.427523,2,Mike Chen,file_access,api_docs.md,6.0,read,192.168.1.101,California,United States,,,
2025-09-08T18:30:53.427523,5,Anna Rodriguez,logout,,,,192.168.1.228,Illinois,United States,LAPTOP-5,,
2025-09-12T17:03:52.427523,1,Sarah Johnson,logout,,,,192.168.1.174,New York,United States,LAPTOP-1,,
2025-08-21T12:59:30.427523,3,Lisa Wilson,file_access,contracts.pdf,41.0,read,192.168.1.122,Texas,United States,,,
2025-08-26T15:29:28.427523,3,Lisa Wilson,file_access,contracts.pdf,39.0,read,192.168.1.223,Texas,United States,,,
2025-09-10T15:32:24.427523,5,Anna Rodriguez,file_access,graphics.png,19.0,read,192.168.1.15,Illinois,United States,,,
2025-09-15T12:54:40.427523,5,Anna Rodriguez,file_access,graphics.png,40.0,read,192.168.1.104,Illinois,United States,,,
2025-09-10T17:15:57.427523,3,Lisa Wilson,file_access,contracts.pdf,28.0,read,192.168.1.218,Texas,United States,,,
2025-08-28T16:06:44.427523,2,Mike Chen,logout,,,,192.168.1.4,California,United States,LAPTOP-2,,
2025-08-25T16:21:25.427523,2,Mike Chen,file_access,api_docs.md,32.0,read,192.168.1.123,California,United States,,,
2025-09-08T16:50:46.427523,4,Bob Smith,logout,,,,192.168.1.225,Florida,United States,LAPTOP-4,,
2025-08-21T11:01:09.427523,1,Sarah Johnson,file_access,financial_report.xlsx,42.0,read,192.168.1.202,New York,United States,,,
2025-08-20T18:12:54.427523,4,Bob Smith,logout,,,,192.168.1.42,Florida,United States,LAPTOP-4,,
2025-09-16T12:12:27.427523,4,Bob Smith,file_access,proposals.docx,48.0,read,192.168.1.85,Florida,United States,,,
2025-09-17T11:12:20.427523,1,Sarah Johnson,file_access,financial_report.xlsx,6.0,edit,192.168.1.101,New York,United States,,,
2025-09-11T12:44:03.427523,2,Mike Chen,file_access,database_schema.sql,44.0,read,192.168.1.199,California,United States,,,
2025-09-01T09:32:23.427523,2,Mike Chen,file_access,database_schema.sql,35.0,read,192.168.1.231,California,United States,,,
2025-09-11T08:56:04.427523,5,Anna Rodriguez,file_access,graphics.png,39.0,read,192.168.1.13,Illinois,United States,,,
2025-09-10T14:10:24.427523,5,Anna Rodriguez,file_access,graphics.png,8.0,read,192.168.1.154,Illinois,United States,,,
2025-09-05T09:17:17.427523,3,Lisa Wilson,login,,,,192.168.1.190,Texas,United States,LAPTOP-3,True,
2025-09-01T16:08:06.427523,4,Bob Smith,file_access,client_contacts.xlsx,20.0,edit,192.168.1.66,Florida,United States,,,
2025-08-28T15:40:02.427523,1,Sarah Johnson,file_access,financial_report.xlsx,27.0,edit,192.168.1.67,New York,United States,,,
2025-09-12T17:04:52.427523,1,Sarah Johnson,file_access,financial_report.xlsx,25.0,read,192.168.1.180,New York,United States,,,
2025-08-26T09:38:51.427523,1,Sarah Johnson,login,,,,192.168.1.224,New York,United States,LAPTOP-1,True,
2025-09-02T18:08:27.427523,1,Sarah Johnson,file_access,budget_2024.csv,12.0,read,192.168.1.44,New York,United States,,,
2025-08-20T10:33:49.427523,3,Lisa Wilson,file_access,employee_records.xlsx,21.0,edit,192.168.1.242,Texas,United States,,,
2025-09-11T08:47:04.427523,5,Anna Rodriguez,login,,,,192.168.1.192,Illinois,United States,LAPTOP-5,True,
2025-09-18T13:19:02.427523,1,Sarah Johnson,file_access,financial_report.xlsx,32.0,read,192.168.1.70,New York,United States,,,
2025-09-15T15:10:15.427523,2,Mike Chen,file_access,api_docs.md,3.0,read,192.168.1.78,California,United States,,,
2025-08-22T14:03:33.427523,5,Anna Rodriguez,file_access,social_media.csv,48.0,read,192.168.1.220,Illinois,United States,,,
2025-08-22T17:18:33.427523,5,Anna Rodriguez,file_access,graphics.png,32.0,edit,192.168.1.14,Illinois,United States,,,
2025-09-05T18:17:17.427523,3,Lisa Wilson,logout,,,,192.168.1.254,Texas,United States,LAPTOP-3,,
2025-09-10T12:31:57.427523,3,Lisa Wilson,file_access,salary_data.csv,7.0,read,192.168.1.160,Texas,United States,,,
2025-09-11T14:22:57.427523,1,Sarah Johnson,file_access,budget_2024.csv,33.0,edit,192.168.1.1,New York,United States,,,
2025-08-26T11:10:47.427523,5,Anna Rodriguez,file_access,social_media.csv,39.0,read,192.168.1.118,Illinois,United States,,,
2025-09-17T10:51:17.427523,4,Bob Smith,file_access,client_contacts.xlsx,3.0,read,192.168.1.200,Florida,United States,,,
2025-09-15T12:38:15.427523,4,Bob Smith,file_access,proposals.docx,5.0,read,192.168.1.134,Florida,United States,,,
2025-09-02T10:39:16.427523,2,Mike Chen,login,,,,192.168.1.61,California,United States,LAPTOP-2,True,
2025-09-11T17:32:03.427523,2,Mike Chen,file_access,source_code.py,30.0,read,192.168.1.197,California,United States,,,
2025-08-26T15:52:19.427523,2,Mike Chen,logout,,,,192.168.1.44,California,United States,LAPTOP-2,,
2025-09-01T17:26:23.427523,2,Mike Chen,file_access,source_code.py,8.0,edit,192.168.1.11,California,United States,,,
2025-09-12T11:07:52.427523,1,Sarah Johnson,file_access,tax_documents.pdf,17.0,read,192.168.1.177,New York,United States,,,
2025-09-05T12:39:17.427523,3,Lisa Wilson,file_access,salary_data.csv,8.0,read,192.168.1.29,Texas,United States,,,
2025-08-29T17:10:39.427523,3,Lisa Wilson,logout,,,,192.168.1.233,Texas,United States,LAPTOP-3,,
2025-09-03T12:42:05.427523,3,Lisa Wilson,file_access,salary_data.csv,2.0,read,192.168.1.24,Texas,United States,,,
2025-09-16T08:14:04.427523,5,Anna Rodriguez,login,,,,192.168.1.139,Illinois,United States,LAPTOP-5,True,
2025-08-27T16:29:06.427523,5,Anna Rodriguez,file_access,graphics.png,13.0,read,192.168.1.157,Illinois,United States,,,
2025-08-28T09:35:50.427523,3,Lisa Wilson,login,,,,192.168.1.100,Texas,United States,LAPTOP-3,True,
2025-09-09T15:35:50.427523,5,Anna Rodriguez,logout,,,,192.168.1.131,Illinois,United States,LAPTOP-5,,
2025-09-18T10:30:02.427523,1,Sarah Johnson,login,,,,192.168.1.3,New York,United States,LAPTOP-1,True,
2025-08-29T15:09:54.427523,2,Mike Chen,file_access,source_code.py,9.0,read,192.168.1.176,California,United States,,,
2025-09-11T15:02:04.427523,5,Anna Rodriguez,file_access,campaign_data.xlsx,4.0,edit,192.168.1.89,Illinois,United States,,,
2025-09-10T10:02:57.427523,3,Lisa Wilson,login,,,,192.168.1.238,Texas,United States,LAPTOP-3,True,
2025-09-12T17:53:44.427523,3,Lisa Wilson,file_access,employee_records.xlsx,36.0,read,192.168.1.53,Texas,United States,,,
2025-09-11T12:38:04.427523,5,Anna Rodriguez,file_access,campaign_data.xlsx,23.0,read,192.168.1.139,Illinois,United States,,,
2025-09-11T14:45:04.427523,5,Anna Rodriguez,file_access,social_media.csv,50.0,read,192.168.1.225,Illinois,United States,,,
2025-09-02T19:33:25.427523,3,Lisa Wilson,logout,,,,192.168.1.126,Texas,United States,LAPTOP-3,,
2025-09-01T16:29:33.427523,3,Lisa Wilson,file_access,contracts.pdf,47.0,read,192.168.1.8,Texas,United States,,,
2025-08-26T10:43:36.427523,4,Bob Smith,file_access,sales_report.pdf,32.0,read,192.168.1.94,Florida,United States,,,
2025-09-15T17:23:41.427523,3,Lisa Wilson,file_access,employee_records.xlsx,38.0,edit,192.168.1.152,Texas,United States,,,
2025-08-26T11:16:19.427523,2,Mike Chen,file_access,source_code.py,43.0,read,192.168.1.210,California,United States,,,
2025-09-02T14:22:05.427523,4,Bob Smith,file_access,sales_report.pdf,24.0,read,192.168.1.112,Florida,United States,,,
2025-09-08T09:46:53.427523,5,Anna Rodriguez,file_access,graphics.png,19.0,read,192.168.1.11,Illinois,United States,,,
2025-08-26T11:54:51.427523,1,Sarah Johnson,file_access,financial_report.xlsx,21.0,read,192.168.1.42,New York,United States,,,
2025-08-21T13:35:09.427523,1,Sarah Johnson,file_access,budget_2024.csv,22.0,edit,192.168.1.165,New York,United States,,,
2025-09-02T10:52:25.427523,3,Lisa Wilson,file_access,contracts.pdf,13.0,read,192.168.1.36,Texas,United States,,,
2025-08-25T09:17:25.427523,2,Mike Chen,file_access,api_docs.md,37.0,read,192.168.1.77,California,United States,,,
2025-09-12T09:48:44.427523,3,Lisa Wilson,file_access,employee_records.xlsx,3.0,read,192.168.1.88,Texas,United States,,,
2025-09-17T11:35:32.427523,3,Lisa Wilson,file_access,salary_data.csv,44.0,read,192.168.1.105,Texas,United States,,,
2025-08-27T10:14:29.427523,3,Lisa Wilson,login,,,,192.168.1.145,Texas,United States,LAPTOP-3,True,
2025-09-10T17:40:14.427523,2,Mike Chen,logout,,,,192.168.1.160,California,United States,LAPTOP-2,,
2025-09-04T14:11:01.427523,3,Lisa Wilson,file_access,salary_data.csv,23.0,read,192.168.1.70,Texas,United States,,,
2025-09-17T18:07:17.427523,4,Bob Smith,file_access,sales_report.pdf,2.0,read,192.168.1.189,Florida,United States,,,
2025-09-17T16:10:20.427523,1,Sarah Johnson,file_access,financial_report.xlsx,9.0,read,192.168.1.126,New York,United States,,,
2025-09-05T13:44:08.427523,5,Anna Rodriguez,file_access,campaign_data.xlsx,21.0,read,192.168.1.123,Illinois,United States,,,
2025-09-08T09:43:49.427523,3,Lisa Wilson,file_access,salary_data.csv,36.0,edit,192.168.1.132,Texas,United States,,,
2025-09-01T13:27:23.427523,2,Mike Chen,file_access,database_schema.sql,27.0,read,192.168.1.184,California,United States,,,
2025-09-15T16:42:40.427523,5,Anna Rodriguez,logout,,,,192.168.1.9,Illinois,United States,LAPTOP-5,,
2025-09-18T11:18:12.427523,3,Lisa Wilson,file_access,salary_data.csv,32.0,edit,192.168.1.247,Texas,United States,,,
2025-08-27T09:48:11.427523,1,Sarah Johnson,file_access,budget_2024.csv,39.0,edit,192.168.1.23,New York,United States,,,
2025-08-20T08:48:49.427523,3,Lisa Wilson,login,,,,192.168.1.29,Texas,United States,LAPTOP-3,True,
2025-08-22T19:39:38.427523,4,Bob Smith,logout,,,,192.168.1.207,Florida,United States,LAPTOP-4,,
2025-09-11T15:47:04.427523,5,Anna Rodriguez,logout,,,,192.168.1.178,Illinois,United States,LAPTOP-5,,
2025-08-22T16:53:25.427523,2,Mike Chen,file_access,database_schema.sql,3.0,read,192.168.1.71,California,United States,,,
2025-08-21T09:56:27.427523,4,Bob Smith,login,,,,192.168.1.174,Florida,United States,LAPTOP-4,True,
2025-08-27T12:41:11.427523,1,Sarah Johnson,file_access,tax_documents.pdf,27.0,read,192.168.1.34,New York,United States,,,
2025-09-09T18:49:01.427523,2,Mike Chen,file_access,api_docs.md,23.0,read,192.168.1.206,California,United States,,,
2025-08-29T08:38:54.427523,2,Mike Chen,login,,,,192.168.1.241,California,United States,LAPTOP-2,True,
2025-09-10T17:16:46.427523,4,Bob Smith,file_access,sales_report.pdf,45.0,read,192.168.1.214,Florida,United States,,,
2025-09-01T11:09:06.427523,4,Bob Smith,file_access,sales_report.pdf,18.0,read,192.168.1.164,Florida,United States,,,
2025-09-11T16:57:16.427523,4,Bob Smith,file_access,sales_report.pdf,4.0,edit,192.168.1.31,Florida,United States,,,
2025-08-27T16:25:54.427523,4,Bob Smith,logout,,,,192.168.1.50,Florida,United States,LAPTOP-4,,
2025-09-15T16:46:26.427523,1,Sarah Johnson,logout,,,,192.168.1.44,New York,United States,LAPTOP-1,,
2025-09-18T17:48:59.427523,2,Mike Chen,file_access,database_schema.sql,42.0,read,192.168.1.181,California,United States,,,
2025-08-25T10:23:16.427523,5,Anna Rodriguez,file_access,social_media.csv,11.0,read,192.168.1.4,Illinois,United States,,,
2025-09-18T10:13:59.427523,2,Mike Chen,file_access,source_code.py,50.0,edit,192.168.1.110,California,United States,,,
2025-08-22T14:01:35.427523,1,Sarah Johnson,file_access,financial_report.xlsx,45.0,read,192.168.1.222,New York,United States,,,
2025-09-01T14:27:00.427523,1,Sarah Johnson,file_access,financial_report.xlsx,45.0,edit,192.168.1.213,New York,United States,,,
2025-09-16T08:12:02.427523,3,Lisa Wilson,file_access,contracts.pdf,25.0,read,192.168.1.233,Texas,United States,,,
2025-09-04T17:06:01.427523,3,Lisa Wilson,file_access,contracts.pdf,2.0,read,192.168.1.61,Texas,United States,,,
2025-08-22T12:42:38.427523,4,Bob Smith,file_access,client_contacts.xlsx,43.0,read,192.168.1.133,Florida,United States,,,
2025-08-26T15:43:28.427523,3,Lisa Wilson,file_access,employee_records.xlsx,4.0,read,192.168.1.62,Texas,United States,,,
2025-09-15T11:38:15.427523,4,Bob Smith,file_access,sales_report.pdf,24.0,read,192.168.1.147,Florida,United States,,,
2025-09-03T16:25:09.427523,5,Anna Rodriguez,file_access,campaign_data.xlsx,31.0,read,192.168.1.208,Illinois,United States,,,
2025-09-09T15:35:49.427523,3,Lisa Wilson,file_access,employee_records.xlsx,22.0,read,192.168.1.38,Texas,United States,,,
2025-08-26T15:37:36.427523,4,Bob Smith,file_access,proposals.docx,15.0,read,192.168.1.58,Florida,United States,,,
2025-09-04T15:07:40.427523,2,Mike Chen,file_access,api_docs.md,50.0,read,192.168.1.205,California,United States,,,
2025-08-27T16:15:54.427523,4,Bob Smith,file_access,client_contacts.xlsx,4.0,edit,192.168.1.133,Florida,United States,,,
2025-08-29T11:33:26.427523,1,Sarah Johnson,file_access,tax_documents.pdf,5.0,read,192.168.1.221,New York,United States,,,
2025-09-16T09:38:04.427523,5,Anna Rodriguez,file_access,graphics.png,11.0,edit,192.168.1.220,Illinois,United States,,,
2025-08-28T14:51:50.427523,3,Lisa Wilson,file_access,employee_records.xlsx,38.0,read,192.168.1.194,Texas,United States,,,
2025-09-04T12:14:40.427523,2,Mike Chen,file_access,api_docs.md,35.0,read,192.168.1.2,California,United States,,,
2025-08-21T17:15:58.427523,5,Anna Rodriguez,file_access,campaign_data.xlsx,12.0,edit,192.168.1.103,Illinois,United States,,,
2025-08-20T09:35:16.427523,5,Anna Rodriguez,login,,,,192.168.1.123,Illinois,United States,LAPTOP-5,True,
2025-08-21T16:02:58.427523,5,Anna Rodriguez,file_access,campaign_data.xlsx,10.0,read,192.168.1.83,Illinois,United States,,,
2025-09-03T11:39:03.427523,1,Sarah Johnson,file_access,tax_documents.pdf,28.0,read,192.168.1.37,New York,United States,,,
2025-08-21T12:02:58.427523,5,Anna Rodriguez,file_access,campaign_data.xlsx,49.0,read,192.168.1.8,Illinois,United States,,,
2025-08-21T18:32:27.427523,4,Bob Smith,file_access,sales_report.pdf,13.0,edit,192.168.1.165,Florida,United States,,,
2025-09-18T11:48:45.427523,5,Anna Rodriguez,file_access,social_media.csv,19.0,read,192.168.1.175,Illinois,United States,,,
2025-09-08T09:08:52.427523,2,Mike Chen,login,,,,192.168.1.156,California,United States,LAPTOP-2,True,
2025-09-12T17:45:44.427523,3,Lisa Wilson,file_access,employee_records.xlsx,15.0,edit,192.168.1.149,Texas,United States,,,
2025-08-29T11:56:08.427523,5,Anna Rodriguez,file_access,graphics.png,8.0,read,192.168.1.3,Illinois,United States,,,
2025-09-15T08:46:26.427523,1,Sarah Johnson,login,,,,192.168.1.88,New York,United States,LAPTOP-1,True,
2025-08-20T13:13:12.427523,1,Sarah Johnson,file_access,budget_2024.csv,26.0,read,192.168.1.27,New York,United States,,,
2025-08-28T11:33:50.427523,3,Lisa Wilson,file_access,employee_records.xlsx,39.0,read,192.168.1.245,Texas,United States,,,
2025-08-22T13:42:55.427523,3,Lisa Wilson,file_access,employee_records.xlsx,34.0,read,192.168.1.5,Texas,United States,,,
2025-09-15T14:16:15.427523,2,Mike Chen,file_access,source_code.py,32.0,read,192.168.1.218,California,United States,,,
2025-08-29T12:33:54.427523,2,Mike Chen,file_access,database_schema.sql,40.0,read,192.168.1.3,California,United States,,,
2025-09-17T17:41:59.427523,5,Anna Rodriguez,file_access,campaign_data.xlsx,37.0,read,192.168.1.232,Illinois,United States,,,
2025-08-20T17:44:12.427523,1,Sarah Johnson,logout,,,,192.168.1.163,New York,United States,LAPTOP-1,,
2025-09-16T16:34:16.427523,2,Mike Chen,file_access,api_docs.md,13.0,edit,192.168.1.74,California,United States,,,
2025-09-02T12:49:16.427523,2,Mike Chen,file_access,source_code.py,37.0,read,192.168.1.78,California,United States,,,
2025-09-10T12:07:57.427523,3,Lisa Wilson,file_access,salary_data.csv,7.0,edit,192.168.1.96,Texas,United States,,,
2025-09-16T17:39:27.427523,4,Bob Smith,file_access,proposals.docx,27.0,read,192.168.1.26,Florida,United States,,,
2025-08-27T16:14:29.427523,3,Lisa Wilson,file_access,employee_records.xlsx,32.0,read,192.168.1.22,Texas,United States,,,
2025-09-12T12:33:20.427523,5,Anna Rodriguez,file_access,campaign_data.xlsx,12.0,read,192.168.1.158,Illinois,United States,,,
2025-08-29T08:43:26.427523,1,Sarah Johnson,file_access,financial_report.xlsx,22.0,edit,192.168.1.28,New York,United States,,,
2025-08-25T09:23:16.427523,5,Anna Rodriguez,login,,,,192.168.1.4,Illinois,United States,LAPTOP-5,True,
2025-09-11T10:07:03.427523,2,Mike Chen,login,,,,192.168.1.134,California,United States,LAPTOP-2,True,
2025-09-10T18:20:45.427523,1,Sarah Johnson,file_access,financial_report.xlsx,30.0,read,192.168.1.149,New York,United States,,,
2025-09-12T16:38:20.427523,5,Anna Rodriguez,file_access,graphics.png,12.0,read,192.168.1.112,Illinois,United States,,,
2025-09-04T11:46:01.427523,3,Lisa Wilson,file_access,employee_records.xlsx,5.0,read,192.168.1.239,Texas,United States,,,
2025-08-26T08:15:47.427523,5,Anna Rodriguez,login,,,,192.168.1.187,Illinois,United States,LAPTOP-5,True,
2025-09-16T17:06:38.427523,1,Sarah Johnson,logout,,,,192.168.1.34,New York,United States,LAPTOP-1,,
2025-08-21T15:24:30.427523,3,Lisa Wilson,file_access,employee_records.xlsx,26.0,read,192.168.1.74,Texas,United States,,,
2025-09-15T17:24:40.427523,5,Anna Rodriguez,file_access,social_media.csv,17.0,read,192.168.1.125,Illinois,United States,,,
2025-09-16T08:45:16.427523,2,Mike Chen,login,,,,192.168.1.55,California,United States,LAPTOP-2,True,
2025-09-12T10:38:08.427523,2,Mike Chen,file_access,api_docs.md,29.0,edit,192.168.1.112,California,United States,,,
2025-09-10T15:07:45.427523,1,Sarah Johnson,file_access,financial_report.xlsx,28.0,read,192.168.1.99,New York,United States,,,
2025-08-26T17:54:36.427523,4,Bob Smith,logout,,,,192.168.1.196,Florida,United States,LAPTOP-4,,
2025-09-01T15:59:06.427523,4,Bob Smith,file_access,proposals.docx,43.0,read,192.168.1.236,Florida,United States,,,
2025-09-18T18:22:12.427523,3,Lisa Wilson,file_access,employee_records.xlsx,39.0,read,192.168.1.147,Texas,United States,,,
2025-09-10T15:59:24.427523,5,Anna Rodriguez,logout,,,,192.168.1.194,Illinois,United States,LAPTOP-5,,
2025-09-05T17:31:05.427523,4,Bob Smith,file_access,sales_report.pdf,37.0,read,192.168.1.65,Florida,United States,,,
2025-09-05T16:38:26.427523,2,Mike Chen,file_access,api_docs.md,5.0,edit,192.168.1.164,California,United States,,,
2025-09-05T10:38:26.427523,2,Mike Chen,login,,,,192.168.1.193,California,United States,LAPTOP-2,True,
2025-08-27T16:09:54.427523,4,Bob Smith,file_access,client_contacts.xlsx,50.0,read,192.168.1.243,Florida,United States,,,
2025-09-09T14:56:49.427523,3,Lisa Wilson,file_access,contracts.pdf,50.0,read,192.168.1.96,Texas,United States,,,
2025-09-01T11:27:00.427523,1,Sarah Johnson,file_access,budget_2024.csv,32.0,read,192.168.1.130,New York,United States,,,
2025-08-21T16:17:30.427523,3,Lisa Wilson,file_access,employee_records.xlsx,44.0,edit,192.168.1.82,Texas,United States,,,
2025-08-29T09:58:08.427523,5,Anna Rodriguez,login,,,,192.168.1.106,Illinois,United States,LAPTOP-5,True,
2025-09-19T22:10:22.443704,4,Bob Smith,login,,,,226.236.249.20,Pyongyang,Russia,Unknown Device,True,True
2025-09-03T16:37:09.427523,5,Anna Rodriguez,file_access,graphics.png,25.0,read,192.168.1.104,Illinois,United States,,,
2025-09-08T16:57:49.427523,3,Lisa Wilson,file_access,employee_records.xlsx,20.0,read,192.168.1.164,Texas,United States,,,
2025-08-27T14:52:11.427523,1,Sarah Johnson,file_access,tax_documents.pdf,4.0,read,192.168.1.215,New York,United States,,,
2025-09-10T17:18:46.427523,4,Bob Smith,file_access,sales_report.pdf,8.0,read,192.168.1.39,Florida,United States,,,
2025-08-27T17:00:53.427523,2,Mike Chen,logout,,,,192.168.1.224,California,United States,LAPTOP-2,,
2025-09-09T10:19:50.427523,5,Anna Rodriguez,file_access,social_media.csv,27.0,read,192.168.1.27,Illinois,United States,,,
2025-09-01T09:44:06.427523,4,Bob Smith,login,,,,192.168.1.147,Florida,United States,LAPTOP-4,True,
2025-09-03T15:34:44.427523,2,Mike Chen,file_access,database_schema.sql,5.0,read,192.168.1.133,California,United States,,,
2025-09-01T17:44:06.427523,4,Bob Smith,logout,,,,192.168.1.113,Florida,United States,LAPTOP-4,,
2025-09-02T19:19:25.427523,3,Lisa Wilson,file_access,contracts.pdf,4.0,read,192.168.1.144,Texas,United States,,,
2025-08-20T14:52:16.427523,5,Anna Rodriguez,file_access,campaign_data.xlsx,1.0,read,192.168.1.133,Illinois,United States,,,
2025-09-17T12:01:32.427523,3,Lisa Wilson,file_access,salary_data.csv,33.0,edit,192.168.1.249,Texas,United States,,,
2025-09-03T08:32:44.427523,2,Mike Chen,login,,,,192.168.1.49,California,United States,LAPTOP-2,True,
2025-09-10T10:12:46.427523,4,Bob Smith,file_access,proposals.docx,19.0,read,192.168.1.13,Florida,United States,,,
2025-08-26T15:59:36.427523,4,Bob Smith,file_access,client_contacts.xlsx,49.0,read,192.168.1.214,Florida,United States,,,
2025-09-01T12:58:33.427523,3,Lisa Wilson,file_access,employee_records.xlsx,47.0,read,192.168.1.167,Texas,United States,,,
2025-09-09T16:10:28.427523,1,Sarah Johnson,logout,,,,192.168.1.61,New York,United States,LAPTOP-1,,
2025-09-08T09:34:49.427523,3,Lisa Wilson,file_access,contracts.pdf,4.0,read,192.168.1.40,Texas,United States,,,
2025-08-29T10:49:08.427523,5,Anna Rodriguez,file_access,graphics.png,10.0,edit,192.168.1.105,Illinois,United States,,,
2025-09-10T12:21:45.427523,1,Sarah Johnson,file_access,financial_report.xlsx,7.0,read,192.168.1.95,New York,United States,,,
2025-09-16T15:46:27.427523,4,Bob Smith,file_access,sales_report.pdf,14.0,read,192.168.1.201,Florida,United States,,,
2025-09-01T15:57:00.427523,1,Sarah Johnson,file_access,budget_2024.csv,43.0,read,192.168.1.217,New York,United States,,,
2025-09-16T08:11:02.427523,3,Lisa Wilson,login,,,,192.168.1.107,Texas,United States,LAPTOP-3,True,
2025-09-12T15:31:52.427523,1,Sarah Johnson,file_access,budget_2024.csv,42.0,read,192.168.1.4,New York,United States,,,
2025-08-26T16:55:36.427523,4,Bob Smith,file_access,proposals.docx,36.0,read,192.168.1.118,Florida,United States,,,
2025-08-21T09:59:09.427523,1,Sarah Johnson,file_access,tax_documents.pdf,44.0,read,192.168.1.150,New York,United States,,,
2025-08-29T17:22:08.427523,5,Anna Rodriguez,file_access,graphics.png,7.0,read,192.168.1.14,Illinois,United States,,,
2025-09-09T14:26:23.427523,4,Bob Smith,file_access,sales_report.pdf,47.0,edit,192.168.1.213,Florida,United States,,,
2025-09-10T09:33:45.427523,1,Sarah Johnson,login,,,,192.168.1.70,New York,United States,LAPTOP-1,True,
2025-08-25T16:54:03.427523,4,Bob Smith,logout,,,,192.168.1.246,Florida,United States,LAPTOP-4,,
2025-09-12T18:06:08.427523,2,Mike Chen,file_access,source_code.py,49.0,read,192.168.1.127,California,United States,,,
2025-09-10T14:00:45.427523,1,Sarah Johnson,file_access,tax_documents.pdf,49.0,edit,192.168.1.161,New York,United States,,,
2025-08-29T15:21:54.427523,2,Mike Chen,file_access,source_code.py,46.0,read,192.168.1.176,California,United States,,,
2025-08-21T13:30:27.427523,4,Bob Smith,file_access,sales_report.pdf,4.0,read,192.168.1.220,Florida,United States,,,
2025-08-20T16:37:54.427523,4,Bob Smith,file_access,sales_report.pdf,40.0,read,192.168.1.60,Florida,United States,,,
2025-09-10T10:05:46.427523,4,Bob Smith,login,,,,192.168.1.237,Florida,United States,LAPTOP-4,True,
2025-08-29T08:25:26.427523,1,Sarah Johnson,login,,,,192.168.1.156,New York,United States,LAPTOP-1,True,
2025-08-22T12:46:38.427523,4,Bob Smith,file_access,sales_report.pdf,27.0,read,192.168.1.125,Florida,United States,,,
2025-09-09T18:22:23.427523,4,Bob Smith,logout,,,,192.168.1.160,Florida,United States,LAPTOP-4,,
2025-08-20T10:28:49.427523,3,Lisa Wilson,file_access,employee_records.xlsx,37.0,read,192.168.1.31,Texas,United States,,,
2025-08-28T11:12:50.427523,3,Lisa Wilson,file_access,salary_data.csv,41.0,read,192.168.1.137,Texas,United States,,,
2025-08-29T12:35:26.427523,1,Sarah Johnson,file_access,financial_report.xlsx,29.0,read,192.168.1.241,New York,United States,,,
2025-08-28T12:09:51.427523,5,Anna Rodriguez,file_access,graphics.png,47.0,read,192.168.1.83,Illinois,United States,,,
2025-09-18T12:30:59.427523,2,Mike Chen,file_access,database_schema.sql,33.0,read,192.168.1.63,California,United States,,,
2025-09-12T09:54:44.427523,3,Lisa Wilson,file_access,employee_records.xlsx,7.0,read,192.168.1.80,Texas,United States,,,
2025-09-04T14:14:44.427523,5,Anna Rodriguez,file_access,social_media.csv,29.0,read,192.168.1.105,Illinois,United States,,,
2025-09-16T12:44:04.427523,5,Anna Rodriguez,file_access,graphics.png,17.0,read,192.168.1.19,Illinois,United States,,,
2025-09-08T12:14:46.427523,4,Bob Smith,file_access,sales_report.pdf,4.0,edit,192.168.1.91,Florida,United States,,,
2025-09-12T16:59:44.427523,3,Lisa Wilson,file_access,salary_data.csv,25.0,read,192.168.1.177,Texas,United States,,,
2025-09-12T14:13:20.427523,5,Anna Rodriguez,file_access,graphics.png,48.0,read,192.168.1.171,Illinois,United States,,,
2025-08-20T14:00:16.427523,5,Anna Rodriguez,file_access,campaign_data.xlsx,1.0,read,192.168.1.121,Illinois,United States,,,
2025-08-22T08:53:35.427523,1,Sarah Johnson,login,,,,192.168.1.89,New York,United States,LAPTOP-1,True,
2025-09-16T12:52:16.427523,2,Mike Chen,file_access,database_schema.sql,2.0,read,192.168.1.26,California,United States,,,
2025-09-09T16:19:01.427523,2,Mike Chen,file_access,source_code.py,30.0,read,192.168.1.128,California,United States,,,
2025-09-04T17:27:01.427523,3,Lisa Wilson,file_access,employee_records.xlsx,16.0,read,192.168.1.250,Texas,United States,,,
2025-08-25T10:25:31.427523,1,Sarah Johnson,login,,,,192.168.1.39,New York,United States,LAPTOP-1,True,
2025-09-05T17:57:05.427523,4,Bob Smith,logout,,,,192.168.1.44,Florida,United States,LAPTOP-4,,
2025-09-17T15:42:59.427523,5,Anna Rodriguez,file_access,campaign_data.xlsx,2.0,read,192.168.1.218,Illinois,United States,,,
2025-09-03T16:39:05.427523,3,Lisa Wilson,logout,,,,192.168.1.5,Texas,United States,LAPTOP-3,,
2025-09-16T10:43:04.427523,5,Anna Rodriguez,file_access,campaign_data.xlsx,43.0,read,192.168.1.206,Illinois,United States,,,
2025-09-02T08:18:05.427523,4,Bob Smith,login,,,,192.168.1.219,Florida,United States,LAPTOP-4,True,
2025-09-10T14:04:45.427523,1,Sarah Johnson,file_access,tax_documents.pdf,25.0,read,192.168.1.40,New York,United States,,,
2025-09-11T09:36:04.427523,5,Anna Rodriguez,file_access,campaign_data.xlsx,18.0,read,192.168.1.191,Illinois,United States,,,
2025-09-15T09:32:15.427523,4,Bob Smith,login,,,,192.168.1.115,Florida,United States,LAPTOP-4,True,
2025-08-27T14:40:11.427523,1,Sarah Johnson,file_access,tax_documents.pdf,47.0,read,192.168.1.95,New York,United States,,,
2025-09-08T12:31:52.427523,2,Mike Chen,file_access,database_schema.sql,2.0,read,192.168.1.212,California,United States,,,
2025-09-01T08:20:00.427523,1,Sarah Johnson,login,,,,192.168.1.236,New York,United States,LAPTOP-1,True,
2025-09-15T10:21:41.427523,3,Lisa Wilson,file_access,salary_data.csv,39.0,read,192.168.1.217,Texas,United States,,,
2025-08-20T16:55:04.427523,2,Mike Chen,file_access,database_schema.sql,42.0,read,192.168.1.27,California,United States,,,
2025-08-27T10:33:06.427523,5,Anna Rodriguez,login,,,,192.168.1.4,Illinois,United States,LAPTOP-5,True,
2025-09-05T14:55:17.427523,1,Sarah Johnson,file_access,tax_documents.pdf,4.0,edit,192.168.1.252,New York,United States,,,
2025-09-12T17:17:52.427523,1,Sarah Johnson,file_access,financial_report.xlsx,6.0,read,192.168.1.11,New York,United States,,,
2025-09-04T09:31:56.427523,4,Bob Smith,file_access,client_contacts.xlsx,45.0,read,192.168.1.178,Florida,United States,,,
2025-08-26T10:27:36.427523,4,Bob Smith,file_access,proposals.docx,47.0,edit,192.168.1.57,Florida,United States,,,
2025-09-18T17:00:12.427523,3,Lisa Wilson,file_access,salary_data.csv,30.0,read,192.168.1.59,Texas,United States,,,
2025-09-15T11:32:40.427523,5,Anna Rodriguez,file_access,graphics.png,17.0,read,192.168.1.157,Illinois,United States,,,
2025-09-16T15:31:27.427523,4,Bob Smith,file_access,client_contacts.xlsx,11.0,read,192.168.1.14,Florida,United States,,,
2025-09-18T18:28:12.427523,3,Lisa Wilson,file_access,salary_data.csv,23.0,edit,192.168.1.195,Texas,United States,,,
2025-09-17T15:53:38.427523,2,Mike Chen,file_access,source_code.py,9.0,read,192.168.1.151,California,United States,,,
2025-09-02T18:25:27.427523,1,Sarah Johnson,logout,,,,192.168.1.109,New York,United States,LAPTOP-1,,
2025-09-15T12:19:26.427523,1,Sarah Johnson,file_access,financial_report.xlsx,43.0,read,192.168.1.128,New York,United States,,,
2025-08-21T15:07:27.427523,4,Bob Smith,file_access,sales_report.pdf,45.0,read,192.168.1.42,Florida,United States,,,
2025-09-05T08:57:05.427523,4,Bob Smith,login,,,,192.168.1.79,Florida,United States,LAPTOP-4,True,
2025-09-08T08:31:33.427523,1,Sarah Johnson,login,,,,192.168.1.175,New York,United States,LAPTOP-1,True,
2025-08-20T13:05:12.427523,1,Sarah Johnson,file_access,financial_report.xlsx,48.0,read,192.168.1.194,New York,United States,,,
2025-09-16T10:31:27.427523,4,Bob Smith,login,,,,192.168.1.153,Florida,United States,LAPTOP-4,True,
2025-09-18T15:41:59.427523,2,Mike Chen,file_access,database_schema.sql,40.0,read,192.168.1.226,California,United States,,,
2025-09-02T17:53:16.427523,2,Mike Chen,file_access,api_docs.md,16.0,read,192.168.1.205,California,United States,,,
2025-09-08T08:47:33.427523,1,Sarah Johnson,file_access,financial_report.xlsx,5.0,edit,192.168.1.197,New York,United States,,,
2025-09-05T10:05:08.427523,5,Anna Rodriguez,file_access,campaign_data.xlsx,18.0,read,192.168.1.28,Illinois,United States,,,
2025-09-15T13:42:15.427523,2,Mike Chen,file_access,database_schema.sql,12.0,read,192.168.1.114,California,United States,,,
2025-08-22T16:53:35.427523,1,Sarah Johnson,logout,,,,192.168.1.140,New York,United States,LAPTOP-1,,
2025-08-20T09:45:16.427523,5,Anna Rodriguez,file_access,social_media.csv,2.0,read,192.168.1.80,Illinois,United States,,,
2025-09-04T08:27:56.427523,4,Bob Smith,login,,,,192.168.1.47,Florida,United States,LAPTOP-4,True,
2025-09-02T11:20:25.427523,3,Lisa Wilson,file_access,salary_data.csv,27.0,read,192.168.1.204,Texas,United States,,,
2025-08-20T16:31:12.427523,1,Sarah Johnson,file_access,financial_report.xlsx,25.0,read,192.168.1.9,New York,United States,,,
2025-08-27T19:33:06.427523,5,Anna Rodriguez,logout,,,,192.168.1.188,Illinois,United States,LAPTOP-5,,
2025-09-16T16:06:04.427523,5,Anna Rodriguez,file_access,graphics.png,11.0,read,192.168.1.230,Illinois,United States,,,
2025-09-01T10:25:06.427523,4,Bob Smith,file_access,proposals.docx,4.0,read,192.168.1.131,Florida,United States,,,
2025-09-17T09:39:17.427523,4,Bob Smith,login,,,,192.168.1.91,Florida,United States,LAPTOP-4,True,
2025-09-02T18:38:07.427523,5,Anna Rodriguez,file_access,graphics.png,43.0,read,192.168.1.124,Illinois,United States,,,
2025-09-08T16:46:33.427523,1,Sarah Johnson,file_access,financial_report.xlsx,45.0,read,192.168.1.4,New York,United States,,,
2025-08-28T16:23:51.427523,5,Anna Rodriguez,logout,,,,192.168.1.250,Illinois,United States,LAPTOP-5,,
2025-08-27T13:49:53.427523,2,Mike Chen,file_access,source_code.py,46.0,read,192.168.1.97,California,United States,,,
2025-09-11T17:40:57.427523,1,Sarah Johnson,file_access,budget_2024.csv,47.0,read,192.168.1.51,New York,United States,,,
2025-08-29T14:27:08.427523,5,Anna Rodriguez,file_access,campaign_data.xlsx,25.0,read,192.168.1.236,Illinois,United States,,,
2025-09-03T11:04:05.427523,3,Lisa Wilson,file_access,employee_records.xlsx,33.0,read,192.168.1.212,Texas,United States,,,
2025-09-18T15:26:02.427523,1,Sarah Johnson,file_access,tax_documents.pdf,11.0,read,192.168.1.243,New York,United States,,,
2025-08-28T16:00:46.427523,4,Bob Smith,file_access,proposals.docx,50.0,edit,192.168.1.207,Florida,United States,,,
2025-08-25T08:54:25.427523,2,Mike Chen,file_access,api_docs.md,17.0,edit,192.168.1.118,California,United States,,,
2025-08-27T09:49:53.427523,2,Mike Chen,file_access,api_docs.md,5.0,read,192.168.1.71,California,United States,,,
2025-09-02T13:20:05.427523,4,Bob Smith,file_access,proposals.docx,33.0,read,192.168.1.218,Florida,United States,,,
2025-08-20T10:44:12.427523,1,Sarah Johnson,login,,,,192.168.1.120,New York,United States,LAPTOP-1,True,
2025-09-03T12:22:09.427523,5,Anna Rodriguez,file_access,graphics.png,5.0,edit,192.168.1.3,Illinois,United States,,,
2025-09-16T14:12:38.427523,1,Sarah Johnson,file_access,budget_2024.csv,15.0,read,192.168.1.208,New York,United States,,,
2025-09-09T10:04:01.427523,2,Mike Chen,login,,,,192.168.1.244,California,United States,LAPTOP-2,True,
2025-08-29T11:55:30.427523,4,Bob Smith,file_access,proposals.docx,30.0,read,192.168.1.227,Florida,United States,,,
2025-08-28T14:16:02.427523,1,Sarah Johnson,file_access,financial_report.xlsx,43.0,read,192.168.1.145,New York,United States,,,
2025-08-22T11:49:25.427523,2,Mike Chen,file_access,api_docs.md,24.0,edit,192.168.1.89,California,United States,,,
2025-09-04T11:33:56.427523,4,Bob Smith,file_access,client_contacts.xlsx,19.0,read,192.168.1.127,Florida,United States,,,
2025-09-05T11:57:05.427523,4,Bob Smith,file_access,proposals.docx,12.0,read,192.168.1.53,Florida,United States,,,
2025-09-17T09:55:32.427523,3,Lisa Wilson,file_access,contracts.pdf,36.0,edit,192.168.1.51,Texas,United States,,,
2025-09-09T18:04:01.427523,2,Mike Chen,logout,,,,192.168.1.155,California,United States,LAPTOP-2,,
2025-09-13T22:10:22.443613,2,Mike Chen,login,,,,5.141.117.6,Moscow,North Korea,Unknown Device,True,True
2025-08-22T09:18:25.427523,2,Mike Chen,file_access,database_schema.sql,17.0,edit,192.168.1.203,California,United States,,,
2025-09-11T15:56:04.427523,5,Anna Rodriguez,file_access,social_media.csv,13.0,read,192.168.1.82,Illinois,United States,,,
2025-08-20T16:12:16.427523,5,Anna Rodriguez,file_access,social_media.csv,48.0,edit,192.168.1.32,Illinois,United States,,,
2025-08-22T08:57:33.427523,5,Anna Rodriguez,login,,,,192.168.1.40,Illinois,United States,LAPTOP-5,True,
2025-09-12T10:40:08.427523,2,Mike Chen,file_access,api_docs.md,22.0,edit,192.168.1.52,California,United States,,,
2025-09-16T15:29:38.427523,1,Sarah Johnson,file_access,budget_2024.csv,42.0,read,192.168.1.117,New York,United States,,,
2025-09-01T18:24:33.427523,3,Lisa Wilson,logout,,,,192.168.1.68,Texas,United States,LAPTOP-3,,
2025-09-08T18:08:52.427523,2,Mike Chen,logout,,,,192.168.1.74,California,United States,LAPTOP-2,,
2025-09-04T11:13:40.427523,2,Mike Chen,file_access,source_code.py,44.0,read,192.168.1.252,California,United States,,,
2025-09-10T12:42:14.427523,2,Mike Chen,file_access,source_code.py,33.0,edit,192.168.1.11,California,United States,,,
2025-09-01T17:46:23.427523,2,Mike Chen,logout,,,,192.168.1.201,California,United States,LAPTOP-2,,
2025-08-28T14:22:44.427523,2,Mike Chen,file_access,database_schema.sql,9.0,edit,192.168.1.1,California,United States,,,
2025-09-04T15:14:44.427523,5,Anna Rodriguez,logout,,,,192.168.1.170,Illinois,United States,LAPTOP-5,,
2025-09-05T15:59:17.427523,3,Lisa Wilson,file_access,employee_records.xlsx,12.0,read,192.168.1.6,Texas,United States,,,
2025-08-25T19:25:31.427523,1,Sarah Johnson,logout,,,,192.168.1.252,New York,United States,LAPTOP-1,,
2025-08-25T13:13:16.427523,5,Anna Rodriguez,file_access,graphics.png,7.0,read,192.168.1.74,Illinois,United States,,,
2025-08-29T16:51:54.427523,2,Mike Chen,file_access,api_docs.md,48.0,edit,192.168.1.172,California,United States,,,
2025-08-28T13:29:44.427523,2,Mike Chen,file_access,api_docs.md,43.0,edit,192.168.1.164,California,United States,,,
2025-08-21T18:56:27.427523,4,Bob Smith,logout,,,,192.168.1.195,Florida,United States,LAPTOP-4,,
2025-08-21T17:30:09.427523,1,Sarah Johnson,file_access,tax_documents.pdf,5.0,edit,192.168.1.99,New York,United States,,,
2025-08-20T16:48:49.427523,3,Lisa Wilson,logout,,,,192.168.1.105,Texas,United States,LAPTOP-3,,
2025-09-08T16:40:49.427523,3,Lisa Wilson,file_access,employee_records.xlsx,11.0,read,192.168.1.175,Texas,United States,,,
2025-09-17T15:22:38.427523,2,Mike Chen,file_access,source_code.py,34.0,read,192.168.1.199,California,United States,,,
2025-09-12T19:16:17.427523,4,Bob Smith,logout,,,,192.168.1.123,Florida,United States,LAPTOP-4,,
2025-08-26T12:02:47.427523,5,Anna Rodriguez,file_access,campaign_data.xlsx,23.0,read,192.168.1.116,Illinois,United States,,,
2025-08-25T16:26:25.427523,2,Mike Chen,file_access,source_code.py,3.0,read,192.168.1.125,California,United States,,,
2025-08-26T08:54:36.427523,4,Bob Smith,login,,,,192.168.1.146,Florida,United States,LAPTOP-4,True,
2025-09-05T15:31:17.427523,1,Sarah Johnson,file_access,budget_2024.csv,21.0,edit,192.168.1.238,New York,United States,,,
2025-08-22T17:23:38.427523,4,Bob Smith,file_access,proposals.docx,50.0,edit,192.168.1.30,Florida,United States,,,
2025-09-03T08:59:03.427523,1,Sarah Johnson,login,,,,192.168.1.195,New York,United States,LAPTOP-1,True,
2025-09-02T16:43:25.427523,3,Lisa Wilson,file_access,employee_records.xlsx,1.0,read,192.168.1.153,Texas,United States,,,
2025-09-18T18:31:02.427523,1,Sarah Johnson,file_access,budget_2024.csv,40.0,read,192.168.1.251,New York,United States,,,
2025-08-28T10:52:46.427523,4,Bob Smith,login,,,,192.168.1.1,Florida,United States,LAPTOP-4,True,
2025-08-29T12:36:30.427523,4,Bob Smith,file_access,proposals.docx,10.0,read,192.168.1.218,Florida,United States,,,
2025-09-12T09:38:44.427523,3,Lisa Wilson,login,,,,192.168.1.145,Texas,United States,LAPTOP-3,True,
2025-09-18T17:30:02.427523,1,Sarah Johnson,logout,,,,192.168.1.114,New York,United States,LAPTOP-1,,
2025-09-15T17:25:40.427523,5,Anna Rodriguez,file_access,campaign_data.xlsx,12.0,edit,192.168.1.32,Illinois,United States,,,
2025-09-01T09:21:00.427523,1,Sarah Johnson,file_access,tax_documents.pdf,20.0,read,192.168.1.121,New York,United States,,,
2025-08-25T12:51:16.427523,5,Anna Rodriguez,file_access,campaign_data.xlsx,26.0,read,192.168.1.222,Illinois,United States,,,
2025-09-17T15:48:59.427523,5,Anna Rodriguez,logout,,,,192.168.1.231,Illinois,United States,LAPTOP-5,,
2025-09-09T16:08:50.427523,5,Anna Rodriguez,file_access,campaign_data.xlsx,33.0,edit,192.168.1.106,Illinois,United States,,,
2025-09-10T13:27:24.427523,5,Anna Rodriguez,file_access,social_media.csv,28.0,read,192.168.1.13,Illinois,United States,,,
2025-09-04T17:18:40.427523,2,Mike Chen,file_access,database_schema.sql,29.0,read,192.168.1.79,California,United States,,,
2025-09-11T14:53:03.427523,2,Mike Chen,file_access,source_code.py,41.0,read,192.168.1.63,California,United States,,,
2025-09-17T18:22:38.427523,2,Mike Chen,file_access,source_code.py,45.0,read,192.168.1.224,California,United States,,,
2025-09-18T14:41:21.427523,4,Bob Smith,file_access,proposals.docx,41.0,edit,192.168.1.219,Florida,United States,,,
2025-09-16T13:50:04.427523,5,Anna Rodriguez,file_access,graphics.png,21.0,read,192.168.1.184,Illinois,United States,,,
2025-09-12T14:25:52.427523,1,Sarah Johnson,file_access,budget_2024.csv,37.0,read,192.168.1.20,New York,United States,,,
2025-09-10T12:13:14.427523,2,Mike Chen,file_access,database_schema.sql,21.0,read,192.168.1.134,California,United States,,,
2025-09-10T13:45:57.427523,3,Lisa Wilson,file_access,employee_records.xlsx,29.0,read,192.168.1.46,Texas,United States,,,
2025-09-04T10:27:10.427523,1,Sarah Johnson,login,,,,192.168.1.88,New York,United States,LAPTOP-1,True,
2025-09-02T17:56:27.427523,1,Sarah Johnson,file_access,financial_report.xlsx,29.0,read,192.168.1.208,New York,United States,,,
2025-09-17T15:54:20.427523,1,Sarah Johnson,logout,,,,192.168.1.158,New York,United States,LAPTOP-1,,
2025-09-11T16:17:57.427523,1,Sarah Johnson,file_access,budget_2024.csv,48.0,read,192.168.1.11,New York,United States,,,
2025-09-17T08:48:59.427523,5,Anna Rodriguez,login,,,,192.168.1.59,Illinois,United States,LAPTOP-5,True,
2025-09-15T16:31:41.427523,3,Lisa Wilson,logout,,,,192.168.1.84,Texas,United States,LAPTOP-3,,
2025-08-28T18:24:50.427523,3,Lisa Wilson,file_access,contracts.pdf,35.0,read,192.168.1.207,Texas,United States,,,
2025-09-18T12:53:02.427523,1,Sarah Johnson,file_access,financial_report.xlsx,40.0,read,192.168.1.219,New York,United States,,,
2025-09-03T15:13:56.427523,4,Bob Smith,file_access,client_contacts.xlsx,15.0,read,192.168.1.254,Florida,United States,,,
2025-09-11T17:47:57.427523,1,Sarah Johnson,logout,,,,192.168.1.196,New York,United States,LAPTOP-1,,
2025-08-21T14:17:30.427523,3,Lisa Wilson,file_access,salary_data.csv,22.0,edit,192.168.1.176,Texas,United States,,,
2025-09-18T08:33:45.427523,5,Anna Rodriguez,login,,,,192.168.1.199,Illinois,United States,LAPTOP-5,True,
2025-08-28T10:29:50.427523,3,Lisa Wilson,file_access,contracts.pdf,13.0,read,192.168.1.188,Texas,United States,,,
2025-09-09T15:50:28.427523,1,Sarah Johnson,file_access,financial_report.xlsx,27.0,read,192.168.1.117,New York,United States,,,
2025-08-21T13:42:09.427523,1,Sarah Johnson,file_access,financial_report.xlsx,32.0,read,192.168.1.190,New York,United States,,,
2025-09-10T11:42:24.427523,5,Anna Rodriguez,file_access,graphics.png,23.0,read,192.168.1.124,Illinois,United States,,,
2025-09-17T11:59:38.427523,2,Mike Chen,file_access,api_docs.md,44.0,read,192.168.1.50,California,United States,,,
2025-09-17T08:58:32.427523,3,Lisa Wilson,login,,,,192.168.1.65,Texas,United States,LAPTOP-3,True,
2025-08-21T13:49:42.427523,2,Mike Chen,file_access,database_schema.sql,34.0,read,192.168.1.43,California,United States,,,
2025-09-08T09:50:46.427523,4,Bob Smith,login,,,,192.168.1.188,Florida,United States,LAPTOP-4,True,
2025-09-08T09:30:53.427523,5,Anna Rodriguez,login,,,,192.168.1.80,Illinois,United States,LAPTOP-5,True,
2025-09-01T13:08:15.427523,5,Anna Rodriguez,file_access,social_media.csv,43.0,edit,192.168.1.103,Illinois,United States,,,
2025-09-11T16:13:57.427523,3,Lisa Wilson,file_access,contracts.pdf,9.0,edit,192.168.1.172,Texas,United States,,,
2025-09-08T16:41:52.427523,2,Mike Chen,file_access,database_schema.sql,24.0,read,192.168.1.184,California,United States,,,
2025-09-17T12:00:17.427523,4,Bob Smith,file_access,proposals.docx,12.0,edit,192.168.1.179,Florida,United States,,,
2025-09-18T15:42:21.427523,4,Bob Smith,file_access,sales_report.pdf,38.0,read,192.168.1.178,Florida,United States,,,
2025-09-16T17:31:27.427523,4,Bob Smith,logout,,,,192.168.1.91,Florida,United States,LAPTOP-4,,
2025-09-02T09:25:27.427523,1,Sarah Johnson,login,,,,192.168.1.165,New York,United States,LAPTOP-1,True,
2025-09-03T16:59:03.427523,1,Sarah Johnson,logout,,,,192.168.1.77,New York,United States,LAPTOP-1,,
2025-08-25T17:58:31.427523,1,Sarah Johnson,file_access,budget_2024.csv,34.0,read,192.168.1.76,New York,United States,,,
2025-09-15T17:37:40.427523,5,Anna Rodriguez,file_access,campaign_data.xlsx,24.0,read,192.168.1.246,Illinois,United States,,,
2025-09-12T17:47:20.427523,5,Anna Rodriguez,file_access,social_media.csv,32.0,read,192.168.1.61,Illinois,United States,,,
2025-09-08T09:03:49.427523,3,Lisa Wilson,login,,,,192.168.1.236,Texas,United States,LAPTOP-3,True,
2025-09-03T15:01:05.427523,3,Lisa Wilson,file_access,salary_data.csv,9.0,edit,192.168.1.134,Texas,United States,,,
2025-09-04T13:06:10.427523,1,Sarah Johnson,file_access,budget_2024.csv,11.0,read,192.168.1.251,New York,United States,,,
2025-08-20T10:13:04.427523,2,Mike Chen,file_access,database_schema.sql,40.0,read,192.168.1.234,California,United States,,,
2025-09-12T16:30:17.427523,4,Bob Smith,file_access,client_contacts.xlsx,11.0,read,192.168.1.2,Florida,United States,,,
2025-08-26T14:11:51.427523,1,Sarah Johnson,file_access,budget_2024.csv,47.0,read,192.168.1.136,New York,United States,,,
2025-09-18T10:25:12.427523,3,Lisa Wilson,login,,,,192.168.1.80,Texas,United States,LAPTOP-3,True,
2025-09-01T14:40:33.427523,3,Lisa Wilson,file_access,employee_records.xlsx,7.0,read,192.168.1.74,Texas,United States,,,
2025-09-09T12:34:50.427523,5,Anna Rodriguez,file_access,graphics.png,25.0,read,192.168.1.98,Illinois,United States,,,
2025-09-03T10:41:56.427523,4,Bob Smith,file_access,proposals.docx,1.0,edit,192.168.1.214,Florida,United States,,,
2025-09-02T17:18:05.427523,4,Bob Smith,logout,,,,192.168.1.126,Florida,United States,LAPTOP-4,,
2025-08-26T16:38:51.427523,1,Sarah Johnson,logout,,,,192.168.1.145,New York,United States,LAPTOP-1,,
2025-08-28T11:41:02.427523,1,Sarah Johnson,file_access,tax_documents.pdf,28.0,read,192.168.1.19,New York,United States,,,
2025-09-16T15:07:38.427523,1,Sarah Johnson,file_access,financial_report.xlsx,44.0,read,192.168.1.221,New York,United States,,,
2025-09-12T18:13:08.427523,2,Mike Chen,logout,,,,192.168.1.60,California,United States,LAPTOP-2,,
2025-08-27T16:44:29.427523,3,Lisa Wilson,file_access,salary_data.csv,3.0,edit,192.168.1.125,Texas,United States,,,
2025-09-03T17:22:03.427523,1,Sarah Johnson,file_access,financial_report.xlsx,3.0,edit,192.168.1.39,New York,United States,,,
2025-09-11T12:15:57.427523,1,Sarah Johnson,file_access,financial_report.xlsx,43.0,read,192.168.1.64,New York,United States,,,
2025-09-01T11:21:33.427523,3,Lisa Wilson,file_access,contracts.pdf,47.0,read,192.168.1.112,Texas,United States,,,
2025-08-25T11:28:03.427523,4,Bob Smith,file_access,client_contacts.xlsx,15.0,read,192.168.1.244,Florida,United States,,,
2025-09-05T13:24:17.427523,3,Lisa Wilson,file_access,contracts.pdf,26.0,edit,192.168.1.219,Texas,United States,,,
2025-09-02T13:52:25.427523,3,Lisa Wilson,file_access,contracts.pdf,47.0,read,192.168.1.190,Texas,United States,,,
2025-09-04T14:12:10.427523,1,Sarah Johnson,file_access,tax_documents.pdf,48.0,read,192.168.1.156,New York,United States,,,
2025-09-03T09:08:05.427523,3,Lisa Wilson,file_access,employee_records.xlsx,1.0,read,192.168.1.151,Texas,United States,,,
2025-08-21T17:40:30.427523,3,Lisa Wilson,logout,,,,192.168.1.17,Texas,United States,LAPTOP-3,,
2025-09-10T18:22:14.427523,2,Mike Chen,file_access,api_docs.md,42.0,read,192.168.1.72,California,United States,,,
2025-08-28T17:48:44.427523,2,Mike Chen,file_access,api_docs.md,49.0,read,192.168.1.189,California,United States,,,
2025-09-05T10:38:05.427523,4,Bob Smith,file_access,proposals.docx,44.0,read,192.168.1.73,Florida,United States,,,
2025-09-15T16:13:15.427523,2,Mike Chen,file_access,api_docs.md,39.0,edit,192.168.1.143,California,United States,,,
2025-09-02T11:05:25.427523,3,Lisa Wilson,file_access,employee_records.xlsx,23.0,read,192.168.1.147,Texas,United States,,,
2025-09-13T22:10:22.443254,4,Bob Smith,login,,,,174.40.110.80,Beijing,North Korea,Unknown Device,True,True
2025-08-29T11:30:30.427523,4,Bob Smith,file_access,sales_report.pdf,48.0,read,192.168.1.90,Florida,United States,,,
2025-08-22T10:04:55.427523,3,Lisa Wilson,file_access,employee_records.xlsx,5.0,read,192.168.1.232,Texas,United States,,,
2025-09-02T14:05:07.427523,5,Anna Rodriguez,file_access,graphics.png,45.0,read,192.168.1.53,Illinois,United States,,,
2025-08-26T16:53:19.427523,2,Mike Chen,file_access,api_docs.md,26.0,read,192.168.1.136,California,United States,,,
2025-08-29T08:53:54.427523,2,Mike Chen,file_access,source_code.py,29.0,read,192.168.1.158,California,United States,,,
2025-09-03T16:32:44.427523,2,Mike Chen,logout,,,,192.168.1.118,California,United States,LAPTOP-2,,
2025-09-18T17:18:21.427523,4,Bob Smith,file_access,sales_report.pdf,44.0,read,192.168.1.136,Florida,United States,,,
2025-09-12T16:21:44.427523,3,Lisa Wilson,file_access,employee_records.xlsx,13.0,edit,192.168.1.23,Texas,United States,,,
2025-09-10T11:37:57.427523,3,Lisa Wilson,file_access,employee_records.xlsx,4.0,read,192.168.1.62,Texas,United States,,,
2025-09-10T17:05:46.427523,4,Bob Smith,logout,,,,192.168.1.155,Florida,United States,LAPTOP-4,,
2025-08-20T14:39:54.427523,4,Bob Smith,file_access,client_contacts.xlsx,41.0,read,192.168.1.123,Florida,United States,,,
2025-09-05T08:05:17.427523,1,Sarah Johnson,login,,,,192.168.1.30,New York,United States,LAPTOP-1,True,
2025-09-10T11:44:46.427523,4,Bob Smith,file_access,sales_report.pdf,48.0,read,192.168.1.13,Florida,United States,,,
2025-08-28T14:20:46.427523,4,Bob Smith,file_access,client_contacts.xlsx,36.0,edit,192.168.1.83,Florida,United States,,,
2025-09-03T09:45:03.427523,1,Sarah Johnson,file_access,budget_2024.csv,7.0,read,192.168.1.4,New York,United States,,,
2025-09-02T16:46:07.427523,5,Anna Rodriguez,file_access,campaign_data.xlsx,21.0,read,192.168.1.158,Illinois,United States,,,
2025-08-29T17:58:08.427523,5,Anna Rodriguez,logout,,,,192.168.1.30,Illinois,United States,LAPTOP-5,,
2025-09-10T15:56:46.427523,4,Bob Smith,file_access,proposals.docx,32.0,read,192.168.1.135,Florida,United States,,,
2025-09-16T16:14:04.427523,5,Anna Rodriguez,logout,,,,192.168.1.155,Illinois,United States,LAPTOP-5,,
2025-09-11T13:23:16.427523,4,Bob Smith,file_access,sales_report.pdf,25.0,read,192.168.1.157,Florida,United States,,,
2025-08-20T16:06:54.427523,4,Bob Smith,file_access,proposals.docx,21.0,read,192.168.1.103,Florida,United States,,,
2025-09-08T11:38:49.427523,3,Lisa Wilson,file_access,employee_records.xlsx,3.0,edit,192.168.1.180,Texas,United States,,,
2025-09-10T17:25:57.427523,3,Lisa Wilson,file_access,contracts.pdf,48.0,read,192.168.1.26,Texas,United States,,,
2025-09-08T17:38:46.427523,4,Bob Smith,file_access,client_contacts.xlsx,34.0,read,192.168.1.199,Florida,United States,,,
2025-09-05T11:36:05.427523,4,Bob Smith,file_access,proposals.docx,26.0,edit,192.168.1.128,Florida,United States,,,
2025-09-03T10:24:03.427523,1,Sarah Johnson,file_access,budget_2024.csv,30.0,read,192.168.1.72,New York,United States,,,
2025-09-18T14:51:45.427523,5,Anna Rodriguez,file_access,social_media.csv,28.0,read,192.168.1.78,Illinois,United States,,,
2025-09-11T08:44:16.427523,4,Bob Smith,login,,,,192.168.1.110,Florida,United States,LAPTOP-4,True,
2025-08-27T10:33:53.427523,2,Mike Chen,file_access,database_schema.sql,12.0,edit,192.168.1.168,California,United States,,,
2025-08-21T10:04:27.427523,4,Bob Smith,file_access,sales_report.pdf,18.0,read,192.168.1.1,Florida,United States,,,
2025-09-18T09:26:21.427523,4,Bob Smith,file_access,proposals.docx,18.0,read,192.168.1.99,Florida,United States,,,
2025-08-22T15:42:25.427523,2,Mike Chen,logout,,,,192.168.1.68,California,United States,LAPTOP-2,,
2025-08-26T09:05:28.427523,3,Lisa Wilson,login,,,,192.168.1.89,Texas,United States,LAPTOP-3,True,
2025-09-09T15:39:50.427523,5,Anna Rodriguez,file_access,campaign_data.xlsx,28.0,edit,192.168.1.205,Illinois,United States,,,
2025-08-20T15:31:16.427523,5,Anna Rodriguez,file_access,social_media.csv,14.0,read,192.168.1.226,Illinois,United States,,,
2025-08-29T10:50:54.427523,2,Mike Chen,file_access,api_docs.md,2.0,edit,192.168.1.183,California,United States,,,
2025-09-16T15:24:02.427523,3,Lisa Wilson,file_access,salary_data.csv,16.0,read,192.168.1.112,Texas,United States,,,
2025-08-25T11:44:16.427523,5,Anna Rodriguez,file_access,campaign_data.xlsx,1.0,edit,192.168.1.90,Illinois,United States,,,
2025-09-02T17:39:16.427523,2,Mike Chen,logout,,,,192.168.1.187,California,United States,LAPTOP-2,,
2025-09-11T16:45:57.427523,1,Sarah Johnson,file_access,tax_documents.pdf,17.0,edit,192.168.1.196,New York,United States,,,
2025-09-16T08:06:38.427523,1,Sarah Johnson,login,,,,192.168.1.217,New York,United States,LAPTOP-1,True,
2025-08-27T13:35:11.427523,1,Sarah Johnson,file_access,financial_report.xlsx,49.0,read,192.168.1.154,New York,United States,,,
2025-09-12T11:08:08.427523,2,Mike Chen,file_access,api_docs.md,46.0,edit,192.168.1.184,California,United States,,,
2025-08-26T11:08:47.427523,5,Anna Rodriguez,file_access,campaign_data.xlsx,45.0,read,192.168.1.118,Illinois,United States,,,
2025-09-18T16:38:21.427523,4,Bob Smith,file_access,sales_report.pdf,34.0,read,192.168.1.47,Florida,United States,,,
2025-08-29T18:57:08.427523,5,Anna Rodriguez,file_access,graphics.png,19.0,read,192.168.1.7,Illinois,United States,,,
2025-08-21T15:34:27.427523,4,Bob Smith,file_access,proposals.docx,24.0,edit,192.168.1.96,Florida,United States,,,
2025-09-05T10:05:08.427523,5,Anna Rodriguez,login,,,,192.168.1.31,Illinois,United States,LAPTOP-5,True,
2025-09-08T15:07:53.427523,5,Anna Rodriguez,file_access,graphics.png,10.0,read,192.168.1.122,Illinois,United States,,,
2025-09-17T15:17:20.427523,1,Sarah Johnson,file_access,financial_report.xlsx,25.0,read,192.168.1.179,New York,United States,,,
2025-09-12T22:10:22.443117,1,Sarah Johnson,login,,,,183.82.111.83,Moscow,China,Unknown Device,True,True
2025-08-28T13:58:02.427523,1,Sarah Johnson,file_access,budget_2024.csv,24.0,read,192.168.1.38,New York,United States,,,
2025-08-22T17:06:55.427523,3,Lisa Wilson,file_access,salary_data.csv,40.0,read,192.168.1.141,Texas,United States,,,
2025-09-03T16:27:56.427523,4,Bob Smith,file_access,proposals.docx,29.0,read,192.168.1.4,Florida,United States,,,
2025-08-28T08:36:02.427523,1,Sarah Johnson,file_access,financial_report.xlsx,8.0,read,192.168.1.38,New York,United States,,,
2025-08-27T18:14:29.427523,3,Lisa Wilson,logout,,,,192.168.1.184,Texas,United States,LAPTOP-3,,
2025-09-18T08:54:59.427523,2,Mike Chen,login,,,,192.168.1.133,California,United States,LAPTOP-2,True,
2025-08-28T16:29:51.427523,5,Anna Rodriguez,file_access,campaign_data.xlsx,4.0,read,192.168.1.188,Illinois,United States,,,
2025-08-25T08:26:25.427523,2,Mike Chen,login,,,,192.168.1.39,California,United States,LAPTOP-2,True,
2025-09-11T18:36:03.427523,2,Mike Chen,file_access,database_schema.sql,7.0,read,192.168.1.116,California,United States,,,
2025-08-29T08:38:26.427523,1,Sarah Johnson,file_access,financial_report.xlsx,10.0,read,192.168.1.250,New York,United States,,,
2025-09-02T11:08:07.427523,5,Anna Rodriguez,file_access,campaign_data.xlsx,11.0,read,192.168.1.14,Illinois,United States,,,
2025-08-25T15:32:03.427523,4,Bob Smith,file_access,proposals.docx,9.0,read,192.168.1.223,Florida,United States,,,
2025-08-26T09:34:28.427523,3,Lisa Wilson,file_access,salary_data.csv,38.0,read,192.168.1.109,Texas,United States,,,
2025-08-27T08:57:11.427523,1,Sarah Johnson,login,,,,192.168.1.226,New York,United States,LAPTOP-1,True,
2025-09-08T16:36:53.427523,5,Anna Rodriguez,file_access,campaign_data.xlsx,21.0,read,192.168.1.52,Illinois,United States,,,
2025-09-15T11:04:15.427523,2,Mike Chen,file_access,api_docs.md,7.0,read,192.168.1.137,California,United States,,,
2025-08-22T09:07:35.427523,1,Sarah Johnson,file_access,tax_documents.pdf,43.0,read,192.168.1.242,New York,United States,,,
2025-08-20T17:35:16.427523,5,Anna Rodriguez,logout,,,,192.168.1.21,Illinois,United States,LAPTOP-5,,
2025-08-21T16:53:42.427523,2,Mike Chen,file_access,api_docs.md,32.0,read,192.168.1.159,California,United States,,,
2025-08-28T10:27:50.427523,3,Lisa Wilson,file_access,employee_records.xlsx,16.0,read,192.168.1.78,Texas,United States,,,
2025-08-26T10:36:36.427523,4,Bob Smith,file_access,client_contacts.xlsx,2.0,read,192.168.1.227,Florida,United States,,,
2025-09-14T22:10:22.442517,3,Lisa Wilson,login,,,,41.165.15.36,Beijing,North Korea,Unknown Device,True,True
2025-09-15T15:01:40.427523,5,Anna Rodriguez,file_access,campaign_data.xlsx,3.0,read,192.168.1.154,Illinois,United States,,,
2025-09-04T19:27:01.427523,3,Lisa Wilson,logout,,,,192.168.1.167,Texas,United States,LAPTOP-3,,
2025-09-18T15:54:59.427523,2,Mike Chen,logout,,,,192.168.1.136,California,United States,LAPTOP-2,,
2025-09-15T15:32:40.427523,5,Anna Rodriguez,file_access,graphics.png,4.0,read,192.168.1.251,Illinois,United States,,,
2025-09-04T15:27:56.427523,4,Bob Smith,logout,,,,192.168.1.114,Florida,United States,LAPTOP-4,,
2025-09-11T08:40:57.427523,3,Lisa Wilson,login,,,,192.168.1.245,Texas,United States,LAPTOP-3,True,
2025-09-01T10:57:06.427523,4,Bob Smith,file_access,proposals.docx,6.0,edit,192.168.1.117,Florida,United States,,,
2025-08-26T17:42:28.427523,3,Lisa Wilson,file_access,employee_records.xlsx,4.0,read,192.168.1.104,Texas,United States,,,
2025-08-27T18:55:06.427523,5,Anna Rodriguez,file_access,graphics.png,11.0,read,192.168.1.54,Illinois,United States,,,
2025-09-11T19:07:03.427523,2,Mike Chen,logout,,,,192.168.1.203,California,United States,LAPTOP-2,,
2025-09-11T08:51:57.427523,3,Lisa Wilson,file_access,contracts.pdf,45.0,read,192.168.1.171,Texas,United States,,,
2025-09-02T16:28:05.427523,4,Bob Smith,file_access,client_contacts.xlsx,43.0,read,192.168.1.232,Florida,United States,,,
2025-09-18T17:17:45.427523,5,Anna Rodriguez,file_access,graphics.png,49.0,edit,192.168.1.134,Illinois,United States,,,
2025-09-16T16:11:02.427523,3,Lisa Wilson,logout,,,,192.168.1.129,Texas,United States,LAPTOP-3,,
2025-09-01T11:04:06.427523,4,Bob Smith,file_access,sales_report.pdf,8.0,edit,192.168.1.220,Florida,United States,,,
2025-08-29T10:41:30.427523,4,Bob Smith,file_access,client_contacts.xlsx,20.0,read,192.168.1.37,Florida,United States,,,
2025-08-28T12:58:51.427523,5,Anna Rodriguez,file_access,social_media.csv,13.0,read,192.168.1.110,Illinois,United States,,,
2025-08-21T18:15:27.427523,4,Bob Smith,file_access,proposals.docx,3.0,read,192.168.1.128,Florida,United States,,,
2025-09-02T17:02:25.427523,3,Lisa Wilson,file_access,contracts.pdf,6.0,edit,192.168.1.244,Texas,United States,,,
2025-09-15T10:19:41.427523,3,Lisa Wilson,file_access,contracts.pdf,24.0,read,192.168.1.4,Texas,United States,,,
2025-08-27T08:05:53.427523,2,Mike Chen,file_access,source_code.py,13.0,edit,192.168.1.207,California,United States,,,
2025-09-05T12:59:17.427523,3,Lisa Wilson,file_access,employee_records.xlsx,32.0,read,192.168.1.214,Texas,United States,,,
2025-09-15T12:02:15.427523,2,Mike Chen,file_access,database_schema.sql,25.0,read,192.168.1.130,California,United States,,,
2025-08-25T16:17:00.427523,3,Lisa Wilson,logout,,,,192.168.1.205,Texas,United States,LAPTOP-3,,
2025-08-26T18:05:28.427523,3,Lisa Wilson,logout,,,,192.168.1.228,Texas,United States,LAPTOP-3,,
2025-09-15T16:25:15.427523,4,Bob Smith,file_access,sales_report.pdf,47.0,read,192.168.1.246,Florida,United States,,,
2025-08-27T14:59:29.427523,3,Lisa Wilson,file_access,contracts.pdf,19.0,read,192.168.1.117,Texas,United States,,,
2025-09-09T14:00:50.427523,5,Anna Rodriguez,file_access,social_media.csv,8.0,edit,192.168.1.102,Illinois,United States,,,
2025-09-01T15:39:15.427523,5,Anna Rodriguez,file_access,graphics.png,49.0,read,192.168.1.165,Illinois,United States,,,
2025-09-11T17:05:03.427523,2,Mike Chen,file_access,api_docs.md,25.0,edit,192.168.1.252,California,United States,,,
2025-08-29T16:22:39.427523,3,Lisa Wilson,file_access,employee_records.xlsx,41.0,read,192.168.1.180,Texas,United States,,,
2025-09-09T12:09:28.427523,1,Sarah Johnson,file_access,budget_2024.csv,12.0,read,192.168.1.105,New York,United States,,,
2025-08-20T17:42:12.427523,1,Sarah Johnson,file_access,financial_report.xlsx,34.0,read,192.168.1.248,New York,United States,,,
2025-08-22T09:56:55.427523,3,Lisa Wilson,login,,,,192.168.1.230,Texas,United States,LAPTOP-3,True,
2025-09-17T16:03:17.427523,4,Bob Smith,file_access,proposals.docx,37.0,edit,192.168.1.202,Florida,United States,,,
2025-09-11T12:18:57.427523,3,Lisa Wilson,file_access,salary_data.csv,30.0,read,192.168.1.246,Texas,United States,,,
2025-09-17T14:11:38.427523,2,Mike Chen,file_access,database_schema.sql,49.0,edit,192.168.1.57,California,United States,,,
2025-08-27T17:57:11.427523,1,Sarah Johnson,logout,,,,192.168.1.227,New York,United States,LAPTOP-1,,
2025-09-09T13:21:28.427523,1,Sarah Johnson,file_access,budget_2024.csv,16.0,read,192.168.1.107,New York,United States,,,
2025-09-03T14:24:56.427523,4,Bob Smith,file_access,sales_report.pdf,36.0,edit,192.168.1.98,Florida,United States,,,
2025-08-20T14:29:54.427523,4,Bob Smith,file_access,client_contacts.xlsx,26.0,read,192.168.1.139,Florida,United States,,,
2025-08-26T12:40:19.427523,2,Mike Chen,file_access,api_docs.md,6.0,read,192.168.1.110,California,United States,,,
2025-09-09T16:58:50.427523,5,Anna Rodriguez,file_access,graphics.png,43.0,read,192.168.1.195,Illinois,United States,,,
2025-09-12T22:10:22.443051,1,Sarah Johnson,login,,,,186.183.178.119,Pyongyang,China,Unknown Device,True,True
2025-09-12T10:00:20.427523,5,Anna Rodriguez,login,,,,192.168.1.72,Illinois,United States,LAPTOP-5,True,
2025-08-28T15:16:46.427523,4,Bob Smith,file_access,sales_report.pdf,37.0,read,192.168.1.69,Florida,United States,,,
2025-08-21T17:38:30.427523,3,Lisa Wilson,file_access,contracts.pdf,20.0,read,192.168.1.68,Texas,United States,,,
2025-09-03T17:24:09.427523,5,Anna Rodriguez,file_access,graphics.png,23.0,edit,192.168.1.236,Illinois,United States,,,
2025-08-21T08:05:42.427523,2,Mike Chen,login,,,,192.168.1.185,California,United States,LAPTOP-2,True,
2025-09-13T22:10:22.442275,1,Sarah Johnson,login,,,,186.113.109.245,Pyongyang,Unknown,Unknown Device,True,True
2025-09-09T18:54:49.427523,3,Lisa Wilson,logout,,,,192.168.1.131,Texas,United States,LAPTOP-3,,
2025-09-15T09:32:15.427523,4,Bob Smith,file_access,client_contacts.xlsx,48.0,edit,192.168.1.4,Florida,United States,,,
2025-08-29T09:10:39.427523,3,Lisa Wilson,login,,,,192.168.1.186,Texas,United States,LAPTOP-3,True,
2025-09-01T11:19:15.427523,5,Anna Rodriguez,file_access,graphics.png,32.0,edit,192.168.1.236,Illinois,United States,,,
2025-09-01T08:25:00.427523,1,Sarah Johnson,file_access,financial_report.xlsx,44.0,read,192.168.1.121,New York,United States,,,
2025-09-03T16:40:09.427523,5,Anna Rodriguez,file_access,campaign_data.xlsx,31.0,edit,192.168.1.179,Illinois,United States,,,
2025-09-12T10:16:17.427523,4,Bob Smith,login,,,,192.168.1.57,Florida,United States,LAPTOP-4,True,
2025-09-04T15:22:56.427523,4,Bob Smith,file_access,proposals.docx,29.0,read,192.168.1.200,Florida,United States,,,
2025-09-03T12:58:44.427523,2,Mike Chen,file_access,api_docs.md,47.0,read,192.168.1.140,California,United States,,,
2025-08-25T09:29:25.427523,2,Mike Chen,file_access,database_schema.sql,35.0,edit,192.168.1.10,California,United States,,,
2025-08-22T12:54:55.427523,3,Lisa Wilson,file_access,employee_records.xlsx,36.0,read,192.168.1.51,Texas,United States,,,
2025-08-25T17:43:00.427523,3,Lisa Wilson,file_access,employee_records.xlsx,23.0,read,192.168.1.54,Texas,United States,,,
2025-09-02T17:15:07.427523,5,Anna Rodriguez,logout,,,,192.168.1.114,Illinois,United States,LAPTOP-5,,
2025-08-26T08:52:19.427523,2,Mike Chen,login,,,,192.168.1.42,California,United States,LAPTOP-2,True,
2025-09-17T16:14:38.427523,2,Mike Chen,file_access,api_docs.md,4.0,read,192.168.1.94,California,United States,,,
2025-08-21T17:31:09.427523,1,Sarah Johnson,logout,,,,192.168.1.233,New York,United States,LAPTOP-1,,
2025-08-25T15:49:00.427523,3,Lisa Wilson,file_access,salary_data.csv,25.0,read,192.168.1.75,Texas,United States,,,
2025-09-05T10:17:17.427523,3,Lisa Wilson,file_access,employee_records.xlsx,46.0,read,192.168.1.19,Texas,United States,,,
2025-09-18T18:25:12.427523,3,Lisa Wilson,logout,,,,192.168.1.61,Texas,United States,LAPTOP-3,,
2025-09-15T17:09:15.427523,2,Mike Chen,logout,,,,192.168.1.101,California,United States,LAPTOP-2,,
2025-09-12T16:34:20.427523,5,Anna Rodriguez,file_access,social_media.csv,3.0,read,192.168.1.127,Illinois,United States,,,
2025-08-29T14:10:39.427523,3,Lisa Wilson,file_access,salary_data.csv,4.0,read,192.168.1.174,Texas,United States,,,
2025-08-22T17:31:25.427523,2,Mike Chen,file_access,source_code.py,23.0,read,192.168.1.248,California,United States,,,
2025-08-21T08:31:09.427523,1,Sarah Johnson,login,,,,192.168.1.118,New York,United States,LAPTOP-1,True,
2025-08-26T14:53:28.427523,3,Lisa Wilson,file_access,employee_records.xlsx,10.0,read,192.168.1.54,Texas,United States,,,
2025-08-22T16:56:55.427523,3,Lisa Wilson,logout,,,,192.168.1.179,Texas,United States,LAPTOP-3,,
2025-09-04T14:20:56.427523,4,Bob Smith,file_access,proposals.docx,38.0,read,192.168.1.93,Florida,United States,,,
2025-08-20T15:49:49.427523,3,Lisa Wilson,file_access,salary_data.csv,21.0,edit,192.168.1.146,Texas,United States,,,
2025-08-29T15:26:30.427523,4,Bob Smith,logout,,,,192.168.1.148,Florida,United States,LAPTOP-4,,
2025-09-12T16:52:17.427523,4,Bob Smith,file_access,proposals.docx,33.0,read,192.168.1.165,Florida,United States,,,
2025-08-27T09:30:11.427523,1,Sarah Johnson,file_access,financial_report.xlsx,27.0,read,192.168.1.196,New York,United States,,,
2025-09-18T10:37:45.427523,5,Anna Rodriguez,file_access,social_media.csv,29.0,read,192.168.1.229,Illinois,United States,,,
2025-08-27T18:34:06.427523,5,Anna Rodriguez,file_access,graphics.png,47.0,read,192.168.1.142,Illinois,United States,,,
2025-09-02T10:50:05.427523,4,Bob Smith,file_access,sales_report.pdf,24.0,read,192.168.1.198,Florida,United States,,,
2025-09-05T12:02:08.427523,5,Anna Rodriguez,file_access,campaign_data.xlsx,3.0,read,192.168.1.215,Illinois,United States,,,
2025-08-25T12:56:00.427523,3,Lisa Wilson,file_access,employee_records.xlsx,12.0,read,192.168.1.65,Texas,United States,,,
2025-09-18T08:30:21.427523,4,Bob Smith,login,,,,192.168.1.58,Florida,United States,LAPTOP-4,True,
2025-09-02T11:16:07.427523,5,Anna Rodriguez,file_access,graphics.png,23.0,read,192.168.1.170,Illinois,United States,,,
2025-09-09T16:33:01.427523,2,Mike Chen,file_access,api_docs.md,44.0,read,192.168.1.245,California,United States,,,
2025-09-10T19:31:14.427523,2,Mike Chen,file_access,api_docs.md,7.0,read,192.168.1.106,California,United States,,,
2025-09-04T11:07:44.427523,5,Anna Rodriguez,file_access,campaign_data.xlsx,33.0,edit,192.168.1.98,Illinois,United States,,,
2025-09-10T11:22:24.427523,5,Anna Rodriguez,file_access,graphics.png,5.0,read,192.168.1.222,Illinois,United States,,,
2025-09-05T17:05:17.427523,1,Sarah Johnson,logout,,,,192.168.1.202,New York,United States,LAPTOP-1,,
2025-08-21T09:56:27.427523,4,Bob Smith,file_access,sales_report.pdf,15.0,edit,192.168.1.102,Florida,United States,,,
2025-09-03T11:36:05.427523,3,Lisa Wilson,file_access,salary_data.csv,12.0,read,192.168.1.167,Texas,United States,,,
2025-08-22T16:30:25.427523,2,Mike Chen,file_access,api_docs.md,5.0,read,192.168.1.35,California,United States,,,
2025-08-29T11:55:30.427523,4,Bob Smith,file_access,proposals.docx,18.0,edit,192.168.1.2,Florida,United States,,,
2025-09-12T10:13:08.427523,2,Mike Chen,login,,,,192.168.1.14,California,United States,LAPTOP-2,True,
2025-09-08T17:36:49.427523,3,Lisa Wilson,file_access,salary_data.csv,39.0,read,192.168.1.47,Texas,United States,,,
2025-09-11T15:31:16.427523,4,Bob Smith,file_access,client_contacts.xlsx,36.0,read,192.168.1.101,Florida,United States,,,
2025-08-29T15:27:39.427523,3,Lisa Wilson,file_access,salary_data.csv,21.0,read,192.168.1.24,Texas,United States,,,
2025-08-20T10:51:54.427523,4,Bob Smith,file_access,sales_report.pdf,23.0,read,192.168.1.62,Florida,United States,,,
2025-08-28T14:33:44.427523,2,Mike Chen,file_access,database_schema.sql,6.0,edit,192.168.1.231,California,United States,,,
2025-08-20T12:51:12.427523,1,Sarah Johnson,file_access,tax_documents.pdf,21.0,read,192.168.1.216,New York,United States,,,
2025-09-15T12:10:26.427523,1,Sarah Johnson,file_access,financial_report.xlsx,26.0,read,192.168.1.40,New York,United States,,,
2025-09-16T12:49:27.427523,4,Bob Smith,file_access,proposals.docx,48.0,read,192.168.1.177,Florida,United States,,,
2025-08-29T13:26:26.427523,1,Sarah Johnson,file_access,tax_documents.pdf,5.0,read,192.168.1.31,New York,United States,,,
2025-08-21T09:18:58.427523,5,Anna Rodriguez,login,,,,192.168.1.89,Illinois,United States,LAPTOP-5,True,
2025-09-01T12:23:23.427523,2,Mike Chen,file_access,database_schema.sql,3.0,read,192.168.1.112,California,United States,,,
2025-09-03T08:09:56.427523,4,Bob Smith,login,,,,192.168.1.47,Florida,United States,LAPTOP-4,True,
2025-09-11T14:31:16.427523,4,Bob Smith,file_access,proposals.docx,39.0,read,192.168.1.228,Florida,United States,,,
2025-09-18T11:45:45.427523,5,Anna Rodriguez,file_access,campaign_data.xlsx,24.0,edit,192.168.1.222,Illinois,United States,,,
2025-09-17T19:27:38.427523,2,Mike Chen,file_access,database_schema.sql,43.0,edit,192.168.1.239,California,United States,,,
2025-08-22T11:03:38.427523,4,Bob Smith,file_access,sales_report.pdf,22.0,edit,192.168.1.55,Florida,United States,,,
2025-08-22T17:16:33.427523,5,Anna Rodriguez,file_access,graphics.png,20.0,read,192.168.1.184,Illinois,United States,,,
2025-08-21T15:38:27.427523,4,Bob Smith,file_access,sales_report.pdf,10.0,read,192.168.1.25,Florida,United States,,,
2025-09-17T16:39:17.427523,4,Bob Smith,logout,,,,192.168.1.104,Florida,United States,LAPTOP-4,,
2025-09-16T09:48:38.427523,1,Sarah Johnson,file_access,budget_2024.csv,35.0,edit,192.168.1.149,New York,United States,,,
2025-09-11T14:27:03.427523,2,Mike Chen,file_access,database_schema.sql,18.0,read,192.168.1.206,California,United States,,,
2025-09-15T12:46:26.427523,1,Sarah Johnson,file_access,financial_report.xlsx,21.0,read,192.168.1.252,New York,United States,,,
2025-09-17T10:56:38.427523,2,Mike Chen,login,,,,192.168.1.39,California,United States,LAPTOP-2,True,
2025-09-05T12:58:26.427523,2,Mike Chen,file_access,api_docs.md,23.0,read,192.168.1.39,California,United States,,,
2025-09-02T12:08:05.427523,4,Bob Smith,file_access,proposals.docx,33.0,edit,192.168.1.154,Florida,United States,,,
2025-08-26T14:48:36.427523,4,Bob Smith,file_access,client_contacts.xlsx,17.0,read,192.168.1.47,Florida,United States,,,
2025-09-09T09:15:28.427523,1,Sarah Johnson,file_access,financial_report.xlsx,14.0,edit,192.168.1.164,New York,United States,,,
2025-08-22T16:01:25.427523,2,Mike Chen,file_access,api_docs.md,15.0,read,192.168.1.6,California,United States,,,
2025-09-15T09:42:40.427523,5,Anna Rodriguez,login,,,,192.168.1.200,Illinois,United States,LAPTOP-5,True,
2025-09-16T14:20:16.427523,2,Mike Chen,file_access,database_schema.sql,38.0,read,192.168.1.49,California,United States,,,
2025-08-25T11:50:31.427523,1,Sarah Johnson,file_access,budget_2024.csv,26.0,read,192.168.1.60,New York,United States,,,
2025-08-29T13:38:39.427523,3,Lisa Wilson,file_access,salary_data.csv,42.0,read,192.168.1.130,Texas,United States,,,
2025-08-28T17:00:46.427523,4,Bob Smith,file_access,client_contacts.xlsx,1.0,edit,192.168.1.58,Florida,United States,,,
2025-08-22T12:52:35.427523,1,Sarah Johnson,file_access,tax_documents.pdf,13.0,read,192.168.1.101,New York,United States,,,
2025-08-25T13:30:16.427523,5,Anna Rodriguez,file_access,campaign_data.xlsx,5.0,edit,192.168.1.245,Illinois,United States,,,
2025-08-21T09:40:30.427523,3,Lisa Wilson,login,,,,192.168.1.35,Texas,United States,LAPTOP-3,True,
2025-08-28T08:08:02.427523,1,Sarah Johnson,login,,,,192.168.1.234,New York,United States,LAPTOP-1,True,
2025-08-28T12:07:44.427523,2,Mike Chen,file_access,database_schema.sql,49.0,read,192.168.1.173,California,United States,,,
2025-08-25T16:03:00.427523,3,Lisa Wilson,file_access,employee_records.xlsx,46.0,edit,192.168.1.28,Texas,United States,,,
2025-09-03T15:17:56.427523,4,Bob Smith,file_access,client_contacts.xlsx,10.0,read,192.168.1.123,Florida,United States,,,
2025-09-16T12:06:16.427523,2,Mike Chen,file_access,database_schema.sql,49.0,read,192.168.1.156,California,United States,,,
2025-09-12T13:20:44.427523,3,Lisa Wilson,file_access,contracts.pdf,34.0,edit,192.168.1.54,Texas,United States,,,
2025-09-05T16:49:08.427523,5,Anna Rodriguez,file_access,social_media.csv,3.0,read,192.168.1.68,Illinois,United States,,,
2025-08-20T12:15:04.427523,2,Mike Chen,file_access,database_schema.sql,33.0,edit,192.168.1.201,California,United States,,,
2025-09-05T14:08:08.427523,5,Anna Rodriguez,file_access,graphics.png,38.0,read,192.168.1.68,Illinois,United States,,,
2025-08-29T14:39:39.427523,3,Lisa Wilson,file_access,contracts.pdf,5.0,edit,192.168.1.125,Texas,United States,,,
2025-09-03T11:08:44.427523,2,Mike Chen,file_access,database_schema.sql,17.0,read,192.168.1.235,California,United States,,,
2025-09-16T14:52:04.427523,5,Anna Rodriguez,file_access,campaign_data.xlsx,20.0,edit,192.168.1.221,Illinois,United States,,,
2025-09-16T11:59:27.427523,4,Bob Smith,file_access,client_contacts.xlsx,17.0,read,192.168.1.48,Florida,United States,,,
2025-09-16T14:46:38.427523,1,Sarah Johnson,file_access,tax_documents.pdf,46.0,read,192.168.1.95,New York,United States,,,
2025-09-10T18:58:14.427523,2,Mike Chen,file_access,api_docs.md,43.0,read,192.168.1.146,California,United States,,,
2025-08-28T15:18:46.427523,4,Bob Smith,file_access,client_contacts.xlsx,24.0,edit,192.168.1.191,Florida,United States,,,
2025-08-25T16:54:00.427523,3,Lisa Wilson,file_access,salary_data.csv,3.0,read,192.168.1.247,Texas,United States,,,
2025-09-01T18:58:33.427523,3,Lisa Wilson,file_access,salary_data.csv,12.0,edit,192.168.1.243,Texas,United States,,,
2025-09-01T10:42:15.427523,5,Anna Rodriguez,login,,,,192.168.1.165,Illinois,United States,LAPTOP-5,True,
2025-09-16T09:25:16.427523,2,Mike Chen,file_access,api_docs.md,13.0,read,192.168.1.244,California,United States,,,
2025-08-21T13:38:58.427523,5,Anna Rodriguez,file_access,graphics.png,17.0,read,192.168.1.172,Illinois,United States,,,
2025-09-08T15:34:53.427523,5,Anna Rodriguez,file_access,graphics.png,7.0,read,192.168.1.149,Illinois,United States,,,
2025-09-04T15:09:01.427523,3,Lisa Wilson,file_access,contracts.pdf,13.0,read,192.168.1.137,Texas,United States,,,
2025-08-28T17:35:50.427523,3,Lisa Wilson,logout,,,,192.168.1.129,Texas,United States,LAPTOP-3,,
2025-09-09T09:54:49.427523,3,Lisa Wilson,login,,,,192.168.1.15,Texas,United States,LAPTOP-3,True,
2025-09-15T16:32:15.427523,4,Bob Smith,logout,,,,192.168.1.234,Florida,United States,LAPTOP-4,,
2025-09-03T09:52:09.427523,5,Anna Rodriguez,login,,,,192.168.1.6,Illinois,United States,LAPTOP-5,True,
2025-09-18T16:11:21.427523,4,Bob Smith,file_access,client_contacts.xlsx,26.0,read,192.168.1.8,Florida,United States,,,
2025-09-04T16:26:40.427523,2,Mike Chen,file_access,api_docs.md,4.0,edit,192.168.1.19,California,United States,,,
2025-09-10T17:26:14.427523,2,Mike Chen,file_access,database_schema.sql,30.0,edit,192.168.1.36,California,United States,,,
2025-09-03T16:30:05.427523,3,Lisa Wilson,file_access,salary_data.csv,11.0,read,192.168.1.180,Texas,United States,,,
2025-09-12T14:35:08.427523,2,Mike Chen,file_access,source_code.py,14.0,edit,192.168.1.118,California,United States,,,
2025-09-04T15:56:44.427523,5,Anna Rodriguez,file_access,campaign_data.xlsx,8.0,read,192.168.1.191,Illinois,United States,,,
2025-08-22T12:03:25.427523,2,Mike Chen,file_access,api_docs.md,31.0,read,192.168.1.99,California,United States,,,
2025-09-08T13:11:46.427523,4,Bob Smith,file_access,proposals.docx,40.0,read,192.168.1.61,Florida,United States,,,
2025-09-09T14:00:01.427523,2,Mike Chen,file_access,source_code.py,24.0,read,192.168.1.127,California,United States,,,
2025-09-09T13:29:23.427523,4,Bob Smith,file_access,proposals.docx,18.0,read,192.168.1.107,Florida,United States,,,
2025-08-25T17:24:31.427523,1,Sarah Johnson,file_access,financial_report.xlsx,23.0,read,192.168.1.95,New York,United States,,,
2025-09-05T17:25:08.427523,5,Anna Rodriguez,file_access,graphics.png,29.0,read,192.168.1.144,Illinois,United States,,,
2025-09-09T16:04:23.427523,4,Bob Smith,file_access,proposals.docx,47.0,edit,192.168.1.198,Florida,United States,,,
2025-09-11T13:58:04.427523,5,Anna Rodriguez,file_access,social_media.csv,40.0,read,192.168.1.169,Illinois,United States,,,
2025-09-05T19:05:08.427523,5,Anna Rodriguez,logout,,,,192.168.1.222,Illinois,United States,LAPTOP-5,,
2025-08-22T13:33:55.427523,3,Lisa Wilson,file_access,employee_records.xlsx,2.0,edit,192.168.1.235,Texas,United States,,,
2025-08-21T16:52:30.427523,3,Lisa Wilson,file_access,salary_data.csv,9.0,read,192.168.1.99,Texas,United States,,,
2025-08-27T13:35:54.427523,4,Bob Smith,file_access,proposals.docx,36.0,edit,192.168.1.18,Florida,United States,,,
2025-09-15T12:32:15.427523,4,Bob Smith,file_access,sales_report.pdf,9.0,read,192.168.1.251,Florida,United States,,,
2025-08-26T11:01:47.427523,5,Anna Rodriguez,file_access,social_media.csv,43.0,read,192.168.1.146,Illinois,United States,,,
2025-09-04T18:05:40.427523,2,Mike Chen,logout,,,,192.168.1.17,California,United States,LAPTOP-2,,
2025-09-04T10:27:01.427523,3,Lisa Wilson,login,,,,192.168.1.25,Texas,United States,LAPTOP-3,True,
2025-09-11T16:40:57.427523,3,Lisa Wilson,logout,,,,192.168.1.253,Texas,United States,LAPTOP-3,,
2025-09-15T14:21:41.427523,3,Lisa Wilson,file_access,salary_data.csv,24.0,edit,192.168.1.90,Texas,United States,,,
2025-09-05T10:51:17.427523,3,Lisa Wilson,file_access,salary_data.csv,42.0,read,192.168.1.11,Texas,United States,,,
2025-08-22T15:10:55.427523,3,Lisa Wilson,file_access,contracts.pdf,25.0,edit,192.168.1.3,Texas,United States,,,
2025-09-05T11:26:17.427523,3,Lisa Wilson,file_access,salary_data.csv,27.0,edit,192.168.1.136,Texas,United States,,,
2025-09-16T12:56:04.427523,5,Anna Rodriguez,file_access,campaign_data.xlsx,6.0,read,192.168.1.121,Illinois,United States,,,
2025-09-17T12:52:38.427523,2,Mike Chen,file_access,source_code.py,44.0,read,192.168.1.236,California,United States,,,
2025-09-12T12:16:17.427523,4,Bob Smith,file_access,proposals.docx,18.0,read,192.168.1.51,Florida,United States,,,
2025-09-16T12:47:27.427523,4,Bob Smith,file_access,proposals.docx,22.0,edit,192.168.1.221,Florida,United States,,,
2025-09-10T19:00:46.427523,4,Bob Smith,file_access,client_contacts.xlsx,23.0,read,192.168.1.129,Florida,United States,,,
2025-08-25T09:17:00.427523,3,Lisa Wilson,login,,,,192.168.1.41,Texas,United States,LAPTOP-3,True,
2025-09-05T09:45:17.427523,3,Lisa Wilson,file_access,contracts.pdf,7.0,read,192.168.1.172,Texas,United States,,,
2025-08-26T14:12:28.427523,3,Lisa Wilson,file_access,salary_data.csv,23.0,read,192.168.1.32,Texas,United States,,,
2025-09-01T16:18:06.427523,4,Bob Smith,file_access,proposals.docx,49.0,read,192.168.1.150,Florida,United States,,,
2025-08-22T13:31:25.427523,2,Mike Chen,file_access,database_schema.sql,31.0,read,192.168.1.165,California,United States,,,
2025-08-28T17:56:46.427523,4,Bob Smith,file_access,proposals.docx,21.0,read,192.168.1.14,Florida,United States,,,
2025-09-05T12:00:17.427523,1,Sarah Johnson,file_access,tax_documents.pdf,9.0,read,192.168.1.235,New York,United States,,,
2025-08-22T15:57:33.427523,5,Anna Rodriguez,logout,,,,192.168.1.232,Illinois,United States,LAPTOP-5,,
2025-08-25T17:13:00.427523,3,Lisa Wilson,file_access,salary_data.csv,44.0,read,192.168.1.31,Texas,United States,,,
2025-08-20T10:21:54.427523,4,Bob Smith,file_access,client_contacts.xlsx,38.0,read,192.168.1.183,Florida,United States,,,
2025-08-26T15:15:47.427523,5,Anna Rodriguez,logout,,,,192.168.1.112,Illinois,United States,LAPTOP-5,,
2025-09-05T17:38:26.427523,2,Mike Chen,logout,,,,192.168.1.164,California,United States,LAPTOP-2,,
2025-08-25T10:10:03.427523,4,Bob Smith,file_access,client_contacts.xlsx,29.0,read,192.168.1.128,Florida,United States,,,
2025-08-27T12:39:06.427523,5,Anna Rodriguez,file_access,campaign_data.xlsx,9.0,edit,192.168.1.185,Illinois,United States,,,
2025-09-10T14:37:24.427523,5,Anna Rodriguez,file_access,social_media.csv,43.0,read,192.168.1.164,Illinois,United States,,,
2025-09-09T09:22:23.427523,4,Bob Smith,login,,,,192.168.1.107,Florida,United States,LAPTOP-4,True,
